"","Pitcher","FF","SL","CU","CH","FT","SI","FS","KC","IN","PO","UN","EP","SC","FC"
"1","A.J. Cole",0.264940239043825,0.428286852589641,0.207171314741036,0.0179282868525896,0.0796812749003984,0,0,0,0,0,0,0,0,0
"2","A.J. Minter",0.438291139240506,0.00158227848101266,0,0.00949367088607595,0.0901898734177215,0,0,0,0,0,0,0,0,0.458860759493671
"3","A.J. Ramos",0.308139534883721,0.174418604651163,0.0930232558139535,0.0988372093023256,0.122093023255814,0,0,0,0,0,0,0,0,0.203488372093023
"4","Aaron Bummer",0.137931034482759,0.247126436781609,0,0.0689655172413793,0.0804597701149425,0.46551724137931,0,0,0,0,0,0,0,0
"5","Aaron Loup",0,0,0.0690265486725664,0.0884955752212389,0.456637168141593,0.207079646017699,0,0,0,0,0,0,0,0.178761061946903
"6","Aaron Nola",0.371562013492475,0,0.276595744680851,0.215879605604567,0.135962636222107,0,0,0,0,0,0,0,0,0
"7","Aaron Sanchez",0.310507674144038,0,0.089728453364817,0.260920897284534,0.338842975206612,0,0,0,0,0,0,0,0,0
"8","Aaron Slegers",0.397959183673469,0.183673469387755,0,0.11734693877551,0.086734693877551,0.214285714285714,0,0,0,0,0,0,0,0
"9","Aaron Wilkerson",0.539325842696629,0.219101123595506,0.129213483146067,0.112359550561798,0,0,0,0,0,0,0,0,0,0
"10","Adalberto Mejia",0.450980392156863,0.218487394957983,0.0168067226890756,0.173669467787115,0.140056022408964,0,0,0,0,0,0,0,0,0
"11","Adam Cimber",0.26890756302521,0.222689075630252,0,0,0.165966386554622,0.289915966386555,0,0,0,0,0,0,0,0.0483193277310924
"12","Adam Conley",0.57379767827529,0.149253731343284,0,0.276948590381426,0,0,0,0,0,0,0,0,0,0
"13","Adam Kolarek",0.152542372881356,0.0983050847457627,0.0508474576271186,0.250847457627119,0,0.447457627118644,0,0,0,0,0,0,0,0
"14","Adam Liberatore",0.623376623376623,0.0974025974025974,0,0.279220779220779,0,0,0,0,0,0,0,0,0,0
"15","Adam McCreery",0.433333333333333,0.0333333333333333,0.533333333333333,0,0,0,0,0,0,0,0,0,0,0
"16","Adam Morgan",0.202061855670103,0.424742268041237,0.0701030927835052,0.17319587628866,0.121649484536082,0,0.00824742268041237,0,0,0,0,0,0,0
"17","Adam Ottavino",0.044414535666218,0.441453566621804,0,0,0.411843876177658,0,0,0,0,0,0,0,0,0.100942126514132
"18","Adam Plutko",0.609124537607892,0.207151664611591,0.101109741060419,0.0813810110974106,0,0,0,0,0,0,0,0,0,0
"19","Adam Ravenelle",0,0,0,0,0,0,1,0,0,0,0,0,0,0
"20","Adam Warren",0.412068965517241,0.462068965517241,0.0482758620689655,0.0775862068965517,0,0,0,0,0,0,0,0,0,0
"21","Addison Reed",0.70926517571885,0.284345047923323,0,0.00479233226837061,0,0,0,0,0,0,0,0,0,0
"22","Adrian Houser",0.557471264367816,0,0.224137931034483,0.155172413793103,0.0632183908045977,0,0,0,0,0,0,0,0,0
"23","Akeel Morris",0.529953917050691,0.110599078341014,0,0.359447004608295,0,0,0,0,0,0,0,0,0,0
"24","Alan Busenitz",0.667701863354037,0,0.295031055900621,0.0124223602484472,0.0248447204968944,0,0,0,0,0,0,0,0,0
"25","Alec Asher",0.3,0,0.4,0.1,0.2,0,0,0,0,0,0,0,0,0
"26","Alec Mills",0.372549019607843,0.166666666666667,0.0882352941176471,0.137254901960784,0.235294117647059,0,0,0,0,0,0,0,0,0
"27","Alex Avila",0,0,1,0,0,0,0,0,0,0,0,0,0,0
"28","Alex Blandino",0.266666666666667,0.0666666666666667,0.4,0.2,0.0666666666666667,0,0,0,0,0,0,0,0,0
"29","Alex Claudio",0,0.0856741573033708,0,0.387640449438202,0.0941011235955056,0.431179775280899,0,0,0,0,0,0,0,0
"30","Alex Cobb",0.516146109052409,0,0,0,0,0,0.267866596082583,0.215987294865008,0,0,0,0,0,0
"31","Alex Colome",0.488830486202365,0,0,0.0210249671484888,0.00394218134034166,0,0,0,0,0,0,0,0,0.486202365308804
"32","Alex Reyes",0.561643835616438,0.246575342465753,0.10958904109589,0.0821917808219178,0,0,0,0,0,0,0,0,0,0
"33","Alex Verdugo",0.826086956521739,0,0,0.0217391304347826,0.152173913043478,0,0,0,0,0,0,0,0,0
"34","Alex Wilson",0.186594202898551,0.51268115942029,0.0253623188405797,0.0126811594202899,0.26268115942029,0,0,0,0,0,0,0,0,0
"35","Alex Wood",0,0,0,0.254914809960681,0.458715596330275,0,0,0.286369593709043,0,0,0,0,0,0
"36","Alexi Ogando",0.555555555555556,0.361111111111111,0,0,0.0833333333333333,0,0,0,0,0,0,0,0,0
"37","Amir Garrett",0.675753228120517,0.286944045911047,0,0.0200860832137733,0.0172166427546628,0,0,0,0,0,0,0,0,0
"38","Andrew Cashner",0.256060606060606,0.115151515151515,0.124747474747475,0.138888888888889,0.365151515151515,0,0,0,0,0,0,0,0,0
"39","Andrew Chafin",0.259597806215722,0.404021937842779,0,0.00731261425959781,0.109689213893967,0.219378427787934,0,0,0,0,0,0,0,0
"40","Andrew Heaney",0,0,0.254860746190226,0.167630057803468,0.131897004729375,0.445086705202312,0,0,0,0,0,0,0,0
"41","Andrew Kittredge",0.452586206896552,0.521551724137931,0,0.0129310344827586,0,0,0,0,0,0,0,0,0,0
"42","Andrew Miller",0.524752475247525,0.47029702970297,0,0,0.00495049504950495,0,0,0,0,0,0,0,0,0
"43","Andrew Romine",0.5,0.0625,0,0.421875,0.015625,0,0,0,0,0,0,0,0,0
"44","Andrew Suarez",0.503759398496241,0.25187969924812,0.133727175080559,0.0993555316863588,0.0102040816326531,0,0,0,0,0,0,0,0,0
"45","Andrew Triggs",0.0719178082191781,0.157534246575342,0.136986301369863,0.14041095890411,0.493150684931507,0,0,0,0,0,0,0,0,0
"46","Anibal Sanchez",0.322846441947566,0.0569288389513109,0.09812734082397,0.048689138576779,0.0404494382022472,0.050936329588015,0.18501872659176,0,0,0,0,0,0,0.194756554307116
"47","Anthony Banda",0.784615384615385,0,0.0153846153846154,0.2,0,0,0,0,0,0,0,0,0,0
"48","Anthony Bass",0.260089686098655,0.291479820627803,0,0,0.42152466367713,0,0.0269058295964126,0,0,0,0,0,0,0
"49","Anthony DeSclafani",0.355500821018062,0.32512315270936,0,0.0361247947454844,0.233169129720854,0,0,0.0476190476190476,0,0,0,0,0,0
"50","Anthony Rizzo",0,0,1,0,0,0,0,0,0,0,0,0,0,0
"51","Anthony Swarzak",0.517684887459807,0.47588424437299,0,0,0.00643086816720257,0,0,0,0,0,0,0,0,0
"52","Antonio Senzatela",0.708,0.165333333333333,0.0466666666666667,0.08,0,0,0,0,0,0,0,0,0,0
"53","Archie Bradley",0.68798955613577,0.00522193211488251,0,0,0.14621409921671,0,0,0.157963446475196,0,0,0,0,0,0
"54","Ariel Jurado",0.0701402805611222,0.102204408817635,0.0821643286573146,0.0701402805611222,0.675350701402806,0,0,0,0,0,0,0,0,0
"55","Arodys Vizcaino",0.152027027027027,0.239864864864865,0,0.0168918918918919,0.591216216216216,0,0,0,0,0,0,0,0,0
"56","Aroldis Chapman",0.773399014778325,0.215106732348112,0,0.0114942528735632,0,0,0,0,0,0,0,0,0,0
"57","Artie Lewicki",0.575456053067993,0.203980099502488,0.154228855721393,0.0630182421227197,0,0,0,0.00165837479270315,0,0.00165837479270315,0,0,0,0
"58","Austin Adams",0.928571428571429,0,0,0,0.0714285714285714,0,0,0,0,0,0,0,0,0
"59","Austin Bibens-Dirkx",0.341292134831461,0.212078651685393,0.137640449438202,0.185393258426966,0.123595505617978,0,0,0,0,0,0,0,0,0
"60","Austin Brice",0.178451178451178,0.121212121212121,0.175084175084175,0.0269360269360269,0.235690235690236,0.262626262626263,0,0,0,0,0,0,0,0
"61","Austin Gomber",0.529722589167767,0.133421400264201,0,0.0964332892998679,0,0,0,0.240422721268164,0,0,0,0,0,0
"62","Austin Pruitt",0.395669291338583,0.27755905511811,0.240157480314961,0.078740157480315,0.0078740157480315,0,0,0,0,0,0,0,0,0
"63","Austin Voth",0.636363636363636,0.282828282828283,0.0505050505050505,0.0303030303030303,0,0,0,0,0,0,0,0,0,0
"64","Bartolo Colon",0.158995815899582,0.0621637776449492,0,0.117752540346683,0.637178720860729,0,0,0,0,0,0,0,0,0.0239091452480574
"65","Ben Lively",0.826086956521739,0,0,0.0217391304347826,0.152173913043478,0,0,0,0,0,0,0,0,0
"66","Ben Taylor",0.641304347826087,0.16304347826087,0,0.119565217391304,0.0760869565217391,0,0,0,0,0,0,0,0,0
"67","Blaine Boyer",0.330739299610895,0.319066147859922,0.116731517509728,0,0.233463035019455,0,0,0,0,0,0,0,0,0
"68","Blaine Hardy",0.306629834254144,0,0.0883977900552486,0.232965009208103,0,0,0,0,0,0,0,0,0,0.372007366482505
"69","Blake Parker",0.57742782152231,0,0.0984251968503937,0,0,0,0.324146981627297,0,0,0,0,0,0,0
"70","Blake Snell",0.559371362048894,0.0878928987194412,0.169965075669383,0.182770663562282,0,0,0,0,0,0,0,0,0,0
"71","Blake Treinen",0.182825484764543,0.227146814404432,0,0,0.141274238227147,0.393351800554017,0,0,0,0,0,0,0,0.0554016620498615
"72","Blake Wood",0,0,0,0,0,0,1,0,0,0,0,0,0,0
"73","Bobby Wahl",0.723214285714286,0.133928571428571,0.0178571428571429,0.0714285714285714,0,0,0,0,0,0,0,0,0,0.0535714285714286
"74","Boone Logan",0.333333333333333,0.416666666666667,0,0,0.25,0,0,0,0,0,0,0,0,0
"75","Brad Boxberger",0.645367412140575,0.0223642172523962,0,0.325878594249201,0,0,0,0,0,0,0,0,0,0.00638977635782748
"76","Brad Brach",0.546954314720812,0.175126903553299,0,0.101522842639594,0.0469543147208122,0,0.128172588832487,0,0,0,0,0,0,0.00126903553299492
"77","Brad Hand",0.295676429567643,0.541143654114365,0,0,0.161785216178522,0,0,0,0,0,0,0,0,0
"78","Brad Keller",0.437420178799489,0.257343550446999,0,0.0530012771392082,0.252234993614304,0,0,0,0,0,0,0,0,0
"79","Brad Peacock",0.258202567760342,0.383737517831669,0,0.00998573466476462,0.309557774607703,0,0,0.0356633380884451,0,0.0014265335235378,0,0,0,0
"80","Brad Ziegler",0,0,0.185855263157895,0.0904605263157895,0.25,0.473684210526316,0,0,0,0,0,0,0,0
"81","Braden Shipley",0.378048780487805,0,0.304878048780488,0.219512195121951,0.0975609756097561,0,0,0,0,0,0,0,0,0
"82","Brandon Cumpton",0.195652173913043,0.369565217391304,0.0217391304347826,0.108695652173913,0.304347826086957,0,0,0,0,0,0,0,0,0
"83","Brandon Finnegan",0.688311688311688,0.0974025974025974,0,0.12987012987013,0,0.0844155844155844,0,0,0,0,0,0,0,0
"84","Brandon Kintzler",0.0408163265306122,0.0834879406307978,0,0.098330241187384,0.172541743970315,0.602968460111317,0,0,0,0.00185528756957328,0,0,0,0
"85","Brandon Maurer",0.384105960264901,0.421633554083885,0,0.123620309050773,0.0684326710816777,0,0,0,0,0,0,0,0,0
"86","Brandon McCarthy",0.119047619047619,0.0357142857142857,0.251700680272109,0,0.154761904761905,0.13265306122449,0,0,0,0,0,0,0,0.306122448979592
"87","Brandon Morrow",0.610951008645533,0.0864553314121038,0,0,0.0662824207492795,0.0951008645533141,0,0,0,0,0,0,0,0.141210374639769
"88","Brandon Woodruff",0.685358255451713,0.186915887850467,0,0.127725856697819,0,0,0,0,0,0,0,0,0,0
"89","Brandon Workman",0.352941176470588,0.00452488687782805,0,0,0,0,0,0.366515837104072,0,0,0,0,0,0.276018099547511
"90","Brent Suter",0.719591457753018,0.0492107706592386,0.0817084493964717,0.13091922005571,0.0185701021355617,0,0,0,0,0,0,0,0,0
"91","Brett Anderson",0.184110970996217,0.28499369482976,0,0.148802017654477,0.0416141235813367,0.272383354350567,0,0.0655737704918033,0,0,0,0,0,0
"92","Brett Cecil",0.18407960199005,0,0,0.054726368159204,0.0522388059701493,0.116915422885572,0,0.420398009950249,0,0,0,0,0,0.171641791044776
"93","Brett Graves",0.405487804878049,0.259146341463415,0.158536585365854,0.00304878048780488,0.13719512195122,0,0,0,0,0,0,0,0,0.0365853658536585
"94","Brett Kennedy",0.564469914040115,0.292263610315186,0,0.0716332378223496,0.0573065902578797,0.0143266475644699,0,0,0,0,0,0,0,0
"95","Brian Duensing",0.354037267080745,0.188405797101449,0.101449275362319,0.146997929606625,0.10351966873706,0.10351966873706,0,0,0,0,0,0,0,0
"96","Brian Flynn",0.253348214285714,0.2265625,0.00334821428571429,0.00446428571428571,0.512276785714286,0,0,0,0,0,0,0,0,0
"97","Brian Johnson",0.467372134038801,0.199294532627866,0.292768959435626,0.017636684303351,0.0229276895943563,0,0,0,0,0,0,0,0,0
"98","Brock Stewart",0.108433734939759,0.0240963855421687,0,0.337349397590361,0.530120481927711,0,0,0,0,0,0,0,0,0
"99","Brooks Pounders",0.51219512195122,0.448780487804878,0,0.0292682926829268,0.00975609756097561,0,0,0,0,0,0,0,0,0
"100","Bruce Rondon",0.5625,0.354166666666667,0,0.0787037037037037,0,0,0,0,0,0,0,0,0,0
"101","Bryan Mitchell",0.567934782608696,0,0.114130434782609,0.103260869565217,0.0108695652173913,0,0,0,0,0,0,0,0,0.201086956521739
"102","Bryan Shaw",0.00439238653001464,0.146412884333821,0,0,0,0,0,0,0,0,0,0,0,0.849194729136164
"103","Buck Farmer",0.581257413997628,0.156583629893238,0,0.230130486358244,0.0320284697508897,0,0,0,0,0,0,0,0,0
"104","Bud Norris",0.288188976377953,0.0614173228346457,0,0.0015748031496063,0.264566929133858,0,0,0,0,0,0,0,0,0.382677165354331
"105","Buddy Baumann",0.202247191011236,0.258426966292135,0,0.0112359550561798,0.528089887640449,0,0,0,0,0,0,0,0,0
"106","Burch Smith",0.615154536390828,0,0.211365902293121,0.168494516450648,0.00498504486540379,0,0,0,0,0,0,0,0,0
"107","Caleb Smith",0.62133072407045,0.223091976516634,0,0.152641878669276,0.00293542074363992,0,0,0,0,0,0,0,0,0
"108","Cam Bedrosian",0.568778979907264,0.42967542503864,0,0,0.00154559505409583,0,0,0,0,0,0,0,0,0
"109","Carl Edwards",0.745210727969349,0,0.24904214559387,0,0,0,0,0,0,0,0,0,0,0.00574712643678161
"110","Carl Edwards Jr.",0.745210727969349,0,0.24904214559387,0,0,0,0,0,0,0,0,0,0,0.00574712643678161
"111","Carlos Carrasco",0.328,0.0673333333333333,0.296,0.168666666666667,0.139333333333333,0,0,0,0,0,0,0,0,0.000666666666666667
"112","Carlos Gomez",0.714285714285714,0.0476190476190476,0,0.19047619047619,0,0,0,0,0,0,0,0.0476190476190476,0,0
"113","Carlos Martinez",0.202302631578947,0.181743421052632,0.0287828947368421,0.152960526315789,0.252467105263158,0,0,0,0,0,0,0,0,0.180921052631579
"114","Carlos Ramirez",0.181034482758621,0.405172413793103,0,0,0.172413793103448,0.241379310344828,0,0,0,0,0,0,0,0
"115","Carlos Rodon",0.46474358974359,0.255608974358974,0,0.138621794871795,0.140224358974359,0,0,0,0,0,0,0,0,0.000801282051282051
"116","Carlos Tocci",0,0,0.222222222222222,0.777777777777778,0,0,0,0,0,0,0,0,0,0
"117","Carlos Torres",0.503448275862069,0,0.151724137931034,0,0,0,0,0,0,0,0,0,0,0.344827586206897
"118","Carson Fulmer",0.604972375690608,0,0.074585635359116,0.129834254143646,0.00552486187845304,0,0,0,0,0,0,0,0,0.185082872928177
"119","Carson Smith",0.0597014925373134,0.522388059701492,0,0.0895522388059701,0.0895522388059701,0.238805970149254,0,0,0,0,0,0,0,0
"120","Casey Kelly",0.358078602620087,0.174672489082969,0.213973799126638,0.109170305676856,0.14410480349345,0,0,0,0,0,0,0,0,0
"121","Casey Lawrence",0.269767441860465,0.381395348837209,0,0.0651162790697674,0.0558139534883721,0.227906976744186,0,0,0,0,0,0,0,0
"122","Casey Sadler",0.162790697674419,0.267441860465116,0.0697674418604651,0.0581395348837209,0,0.441860465116279,0,0,0,0,0,0,0,0
"123","CC Sabathia",0.0764006791171477,0.285795132993775,0,0.110356536502547,0.0384833050367855,0.103565365025467,0,0,0,0,0,0,0,0.385398981324278
"124","Chad Bell",0.315789473684211,0.210526315789474,0,0.0263157894736842,0.0263157894736842,0,0,0,0,0,0,0,0,0.421052631578947
"125","Chad Bettis",0.405150214592275,0.165665236051502,0.118454935622318,0.283261802575107,0.0248927038626609,0,0,0,0,0,0,0,0,0
"126","Chad Green",0.876712328767123,0.0859277708592777,0,0.0348692403486924,0,0,0,0,0,0,0,0,0,0.0024906600249066
"127","Chad Kuhl",0.23203026481715,0.192938209331652,0,0.0655737704918033,0.0365699873896595,0.341740226986129,0,0.131147540983607,0,0,0,0,0,0
"128","Chance Adams",0.692307692307692,0.138461538461538,0.161538461538462,0.00769230769230769,0,0,0,0,0,0,0,0,0,0
"129","Charlie Culberson",0.636363636363636,0.0909090909090909,0,0,0.272727272727273,0,0,0,0,0,0,0,0,0
"130","Charlie Morton",0.328107502799552,0,0.27939529675252,0,0.271556550951848,0.000559910414333707,0.0559910414333707,0,0,0,0,0,0,0.0638297872340425
"131","Chase Anderson",0.406053683609366,0,0.182181610508281,0.185608223872073,0.133066818960594,0,0,0,0,0,0,0,0,0.0919474585950885
"132","Chase d'Arnaud",0,0.9375,0,0.0625,0,0,0,0,0,0,0,0,0,0
"133","Chase Whitley",0.611111111111111,0,0,0.388888888888889,0,0,0,0,0,0,0,0,0,0
"134","Chasen Bradford",0.289383561643836,0.421232876712329,0,0.035958904109589,0.0616438356164384,0.181506849315068,0,0,0,0,0,0,0,0.0102739726027397
"135","Chasen Shreve",0.543543543543544,0.0930930930930931,0,0,0,0,0.363363363363363,0,0,0,0,0,0,0
"136","Chaz Roe",0.0412621359223301,0.429611650485437,0.00242718446601942,0.00242718446601942,0.524271844660194,0,0,0,0,0,0,0,0,0
"137","Chih-Wei Hu",0.412371134020619,0.268041237113402,0.0103092783505155,0.257731958762887,0.0515463917525773,0,0,0,0,0,0,0,0,0
"138","Chris Archer",0.456962911126662,0.404478656403079,0.00349895031490553,0.10776766969909,0.026592022393282,0,0,0,0,0,0,0,0,0
"139","Chris Bassitt",0.181146025878004,0,0.134935304990758,0.0499075785582255,0.177449168207024,0.194085027726433,0,0,0,0,0,0,0,0.262476894639556
"140","Chris Beck",0.481152993348115,0.299334811529933,0,0.195121951219512,0.024390243902439,0,0,0,0,0,0,0,0,0
"141","Chris Devenski",0.411889596602972,0.182590233545648,0,0.40552016985138,0,0,0,0,0,0,0,0,0,0
"142","Chris Flexen",0.531914893617021,0.0957446808510638,0.212765957446809,0.0638297872340425,0.0957446808510638,0,0,0,0,0,0,0,0,0
"143","Chris Gimenez",1,0,0,0,0,0,0,0,0,0,0,0,0,0
"144","Chris Hatcher",0.297356828193833,0.174008810572687,0.0176211453744493,0,0.143171806167401,0,0.145374449339207,0,0,0,0,0,0,0.222466960352423
"145","Chris Martin",0.535452322738386,0,0.15158924205379,0.0537897310513447,0.00244498777506112,0.00733496332518337,0,0,0,0,0,0,0,0.249388753056235
"146","Chris Rowley",0.0666666666666667,0.266666666666667,0,0,0,0.666666666666667,0,0,0,0,0,0,0,0
"147","Chris Rusin",0.0971223021582734,0.0287769784172662,0.0179856115107914,0.178057553956835,0.156474820143885,0.248201438848921,0,0,0,0,0,0,0,0.273381294964029
"148","Chris Sale",0.381488430268918,0.3364602876798,0,0.172607879924953,0.109443402126329,0,0,0,0,0,0,0,0,0
"149","Chris Stratton",0.576298701298701,0.0933441558441558,0.133928571428571,0.102272727272727,0.0454545454545455,0,0,0,0,0,0,0,0,0.0462662337662338
"150","Chris Tillman",0.373831775700935,0.135514018691589,0,0.238317757009346,0.214953271028037,0,0,0.0373831775700935,0,0,0,0,0,0
"151","Chris Volstad",0.0697211155378486,0.0099601593625498,0.243027888446215,0.101593625498008,0.0956175298804781,0.4800796812749,0,0,0,0,0,0,0,0
"152","Christian Bergman",0.186274509803922,0.147058823529412,0.147058823529412,0.254901960784314,0.0294117647058824,0.235294117647059,0,0,0,0,0,0,0,0
"153","Christopher Devenski",0.411889596602972,0.182590233545648,0,0.40552016985138,0,0,0,0,0,0,0,0,0,0
"154","Cionel Perez",0.666666666666667,0.311111111111111,0,0.00740740740740741,0.0148148148148148,0,0,0,0,0,0,0,0,0
"155","Clay Buchholz",0.259549461312439,0,0.183153770812928,0.171400587659158,0.153770812928501,0,0,0,0,0,0,0,0,0.232125367286974
"156","Clay Holmes",0.237179487179487,0,0.153846153846154,0.0384615384615385,0.0384615384615385,0.416666666666667,0,0,0,0,0,0,0,0.115384615384615
"157","Clayton Kershaw",0.438022813688213,0.390874524714829,0.166539923954373,0.00456273764258555,0,0,0,0,0,0,0,0,0,0
"158","Clayton Richard",0.163636363636364,0.266115702479339,0,0.0451790633608815,0.524517906336088,0,0,0,0,0,0,0,0,0
"159","Cody Allen",0.637717121588089,0,0.011166253101737,0,0,0,0,0.351116625310174,0,0,0,0,0,0
"160","Cody Reed",0.282894736842105,0.460526315789474,0,0.118421052631579,0.138157894736842,0,0,0,0,0,0,0,0,0
"161","Cole Hamels",0.282157676348548,0.00711321873147599,0.122703023117961,0.184350918790753,0.168346176644932,0,0,0,0,0,0,0,0,0.234736218138708
"162","Collin McHugh",0.46916890080429,0.24798927613941,0.189008042895442,0.00268096514745308,0,0,0,0,0,0,0,0,0,0.0911528150134048
"163","Colten Brewer",0.0833333333333333,0,0.166666666666667,0,0,0,0,0,0,0,0,0,0,0.75
"164","Corey Kluber",0.0980788675429727,0,0.200202224469161,0.0697674418604651,0.130434782608696,0.175935288169869,0,0,0,0,0,0,0,0.325581395348837
"165","Corey Knebel",0.719584569732938,0,0,0.0103857566765579,0,0,0,0.270029673590504,0,0,0,0,0,0
"166","Corey Oswalt",0.463483146067416,0,0.143258426966292,0.169943820224719,0.0210674157303371,0.202247191011236,0,0,0,0,0,0,0,0
"167","Corey Ray",0.320552147239264,0.0260736196319018,0,0.0184049079754601,0.0628834355828221,0.220858895705521,0,0,0,0,0,0,0,0.351226993865031
"168","Cory Gearrin",0,0.374392220421394,0,0.128038897893031,0.108589951377634,0.388978930307942,0,0,0,0,0,0,0,0
"169","Cory Mazzoni",0.585365853658537,0.398373983739837,0,0.016260162601626,0,0,0,0,0,0,0,0,0,0
"170","Cory Spangenberg",0.025,0.325,0.175,0.45,0,0,0,0,0,0,0,0,0,0.025
"171","Craig Kimbrel",0.676470588235294,0,0,0,0,0,0,0.323529411764706,0,0,0,0,0,0
"172","Craig Stammen",0.112813370473538,0.20891364902507,0,0.00417827298050139,0.261838440111421,0.274373259052925,0,0.096100278551532,0,0,0,0,0,0.0403899721448468
"173","D.J. Snelten",0.636363636363636,0.0363636363636364,0,0.327272727272727,0,0,0,0,0,0,0,0,0,0
"174","Dallas Keuchel",0.158233670653174,0.169733210671573,0,0.134314627414903,0.385464581416743,0,0,0,0,0,0,0,0,0.15179392824287
"175","Dan Altavilla",0.631016042780749,0.368983957219251,0,0,0,0,0,0,0,0,0,0,0,0
"176","Dan Jennings",0.073469387755102,0.40952380952381,0,0,0.517006802721088,0,0,0,0,0,0,0,0,0
"177","Dan Otero",0.151291512915129,0.0811808118081181,0,0.132841328413284,0.182656826568266,0.452029520295203,0,0,0,0,0,0,0,0
"178","Dan Straily",0.45459940652819,0.311572700296736,0.00118694362017804,0.175074183976261,0.056973293768546,0,0,0,0,0.000593471810089021,0,0,0,0
"179","Daniel Corcino",0.333333333333333,0.217948717948718,0.0384615384615385,0.243589743589744,0.128205128205128,0,0,0,0,0,0,0,0,0.0384615384615385
"180","Daniel Coulombe",0.224215246636771,0.47085201793722,0.269058295964126,0,0.0269058295964126,0.00896860986547085,0,0,0,0,0,0,0,0
"181","Daniel Descalso",0.558139534883721,0.302325581395349,0.0697674418604651,0,0.0697674418604651,0,0,0,0,0,0,0,0,0
"182","Daniel Gossett",0.475409836065574,0.352459016393443,0.0573770491803279,0.110655737704918,0,0,0,0,0,0,0,0,0,0
"183","Daniel Hudson",0.554545454545455,0.377272727272727,0,0.05,0.0181818181818182,0,0,0,0,0,0,0,0,0
"184","Daniel Mengden",0.552787663107948,0.221826809015421,0.0640569395017794,0.157769869513642,0,0,0,0,0,0,0,0,0,0.00237247924080664
"185","Daniel Norris",0.754385964912281,0,0,0.245614035087719,0,0,0,0,0,0,0,0,0,0
"186","Daniel Stumpf",0.518703241895262,0.394014962593516,0,0.0374064837905237,0.0473815461346633,0,0,0,0,0,0,0,0,0
"187","Daniel Winkler",0.359531772575251,0,0.145484949832776,0,0.00501672240802676,0,0,0,0,0,0,0,0,0.486622073578595
"188","Danny Barnes",0.676020408163265,0.0714285714285714,0,0.244897959183673,0.0076530612244898,0,0,0,0,0,0,0,0,0
"189","Danny Duffy",0.38102119460501,0.143063583815029,0.102119460500963,0.176782273603083,0.195086705202312,0,0,0,0,0,0,0,0,0
"190","Danny Valencia",0,0,0.285714285714286,0.142857142857143,0.571428571428571,0,0,0,0,0,0,0,0,0
"191","Darren O'Day",0.432926829268293,0.445121951219512,0,0,0.024390243902439,0.0975609756097561,0,0,0,0,0,0,0,0
"192","David Hale",0.212389380530973,0,0.0442477876106195,0.442477876106195,0.300884955752212,0,0,0,0,0,0,0,0,0
"193","David Hernandez",0.146551724137931,0.145114942528736,0.224137931034483,0.0229885057471264,0.458333333333333,0,0,0.0028735632183908,0,0,0,0,0,0
"194","David Hess",0.609306409130816,0.240561896400351,0.0597014925373134,0.0895522388059701,0,0,0,0,0,0,0,0,0,0
"195","David Price",0.128680479825518,0,0,0.227917121046892,0.345147219193021,0,0,0.0283533260632497,0,0,0,0,0,0.26990185387132
"196","David Robertson",0.00141442715700141,0.17963224893918,0,0.00424328147100424,0,0,0,0.379066478076379,0,0,0,0,0,0.435643564356436
"197","Deck McGuire",0.554054054054054,0.219594594594595,0.126689189189189,0.097972972972973,0.00168918918918919,0,0,0,0,0,0,0,0,0
"198","Dellin Betances",0.526080476900149,0.18628912071535,0,0,0,0,0,0.287630402384501,0,0,0,0,0,0
"199","Dennis Santana",0,0.357142857142857,0,0.1,0.542857142857143,0,0,0,0,0,0,0,0,0
"200","Dereck Rodriguez",0.370777027027027,0,0.189189189189189,0.169763513513514,0.155405405405405,0,0,0,0,0,0,0,0,0.11402027027027
"201","Derek Holland",0.00220385674931129,0.230853994490358,0,0.0986225895316804,0.175757575757576,0.366942148760331,0,0.12396694214876,0,0,0,0,0,0
"202","Derek Law",0.588607594936709,0.284810126582278,0.0632911392405063,0.0632911392405063,0,0,0,0,0,0,0,0,0,0
"203","Diego Castillo",0.0591133004926108,0,0,0,0.0886699507389163,0.376026272577997,0,0,0,0,0,0,0,0.476190476190476
"204","Dillon Maples",0.226190476190476,0.738095238095238,0.0357142857142857,0,0,0,0,0,0,0,0,0,0,0
"205","Dillon Peters",0.741935483870968,0,0.161290322580645,0.0967741935483871,0,0,0,0,0,0,0,0,0,0
"206","Domingo German",0.326905417814509,0,0.353535353535354,0.168044077134986,0.150596877869605,0,0,0,0,0,0,0,0,0
"207","Dominic Leone",0.458823529411765,0.0117647058823529,0,0,0.188235294117647,0,0,0,0,0,0,0,0,0.341176470588235
"208","Donnie Hart",0,0.391489361702128,0,0.0808510638297872,0.165957446808511,0.361702127659574,0,0,0,0,0,0,0,0
"209","Doug Fister",0.00734394124847001,0,0.115055079559364,0.118727050183599,0.621787025703794,0,0,0,0,0,0,0,0,0.137086903304774
"210","Dovydas Neverauskas",0.482587064676617,0.199004975124378,0.318407960199005,0,0,0,0,0,0,0,0,0,0,0
"211","Drew Anderson",0.566037735849057,0.254716981132075,0.0849056603773585,0.0943396226415094,0,0,0,0,0,0,0,0,0,0
"212","Drew Butera",0.125,0,0.166666666666667,0.708333333333333,0,0,0,0,0,0,0,0,0,0
"213","Drew Hutchison",0.591071428571429,0.271428571428571,0,0.123214285714286,0.0142857142857143,0,0,0,0,0,0,0,0,0
"214","Drew Pomeranz",0.383734249713631,0,0,0.0194730813287514,0.168384879725086,0,0,0.372279495990836,0,0,0,0,0,0.0561282932416953
"215","Drew Rucinski",0.298329355608592,0.0739856801909308,0.0214797136038186,0.0715990453460621,0.174224343675418,0,0,0,0,0,0,0,0,0.35799522673031
"216","Drew Steckenrider",0.807639836289222,0.167803547066849,0.00272851296043656,0.0218281036834925,0,0,0,0,0,0,0,0,0,0
"217","Drew VerHagen",0.0674955595026643,0.266429840142096,0.172291296625222,0.00177619893428064,0.492007104795737,0,0,0,0,0,0,0,0,0
"218","Duane Underwood Jr.",0.428571428571429,0,0.194805194805195,0.272727272727273,0.103896103896104,0,0,0,0,0,0,0,0,0
"219","Dylan Bundy",0.535012285012285,0.243243243243243,0.0816953316953317,0.101351351351351,0.0380835380835381,0,0,0,0,0,0,0,0,0
"220","Dylan Covey",0.00909681611435997,0.15464587394412,0.0942170240415854,0.107862248213125,0.62508122157245,0,0,0,0,0.000649772579597141,0,0,0,0.00779727095516569
"221","Dylan Floro",0.130168453292496,0.264931087289433,0,0.0980091883614089,0.150076569678407,0.356814701378254,0,0,0,0,0,0,0,0
"222","Eddie Butler",0.316326530612245,0,0.156462585034014,0.125850340136054,0.340136054421769,0,0,0,0,0,0,0,0,0.0578231292517007
"223","Edgar Santana",0.158478605388273,0.402535657686212,0,0.0221870047543582,0.112519809825674,0.304278922345483,0,0,0,0,0,0,0,0
"224","Eduardo Paredes",0.633204633204633,0.266409266409266,0,0.1003861003861,0,0,0,0,0,0,0,0,0,0
"225","Eduardo Rodriguez",0.388778877887789,0.0607260726072607,0,0.19009900990099,0.165676567656766,0,0,0,0,0,0,0,0,0.194719471947195
"226","Edubray Ramos",0.423913043478261,0.491847826086957,0.00271739130434783,0.0652173913043478,0.016304347826087,0,0,0,0,0,0,0,0,0
"227","Edward Paredes",0.212121212121212,0.71969696969697,0,0.0454545454545455,0.0227272727272727,0,0,0,0,0,0,0,0,0
"228","Edwin Diaz",0.54640522875817,0.334640522875817,0,0,0.10718954248366,0,0,0,0,0,0,0,0,0.0117647058823529
"229","Edwin Jackson",0.277833500501505,0.297893681043129,0.0310932798395186,0.0772316950852558,0.147442326980943,0,0,0,0,0,0,0,0,0.167502507522568
"230","Elieser Hernandez",0.60955710955711,0.22027972027972,0,0.155011655011655,0,0,0,0,0,0,0,0,0,0.0151515151515152
"231","Emilio Pagan",0.691629955947137,0.259911894273128,0,0.0381791483113069,0.0102790014684288,0,0,0,0,0,0,0,0,0
"232","Enny Romero",0.803738317757009,0.158878504672897,0.0373831775700935,0,0,0,0,0,0,0,0,0,0,0
"233","Enrique Hernandez",0,0.0666666666666667,0.533333333333333,0.4,0,0,0,0,0,0,0,0,0,0
"234","Erasmo Ramirez",0.0604395604395604,0.0412087912087912,0,0.266483516483516,0.368131868131868,0,0,0,0,0,0,0,0,0.263736263736264
"235","Eric Lauer",0.614946619217082,0,0.107473309608541,0.0284697508896797,0,0,0,0,0,0,0,0,0,0.248398576512456
"236","Eric Skoglund",0.375984251968504,0,0.19488188976378,0.175196850393701,0.253937007874016,0,0,0,0,0,0,0,0,0
"237","Eric Stout",0.513513513513513,0,0,0.297297297297297,0.189189189189189,0,0,0,0,0,0,0,0,0
"238","Erick Fedde",0.0529197080291971,0.114963503649635,0.0821167883211679,0.0273722627737226,0.105839416058394,0.361313868613139,0.109489051094891,0,0,0,0,0,0,0.144160583941606
"239","Erik Goeddel",0.487684729064039,0.00164203612479475,0.175697865353038,0.331691297208539,0.00164203612479475,0,0,0,0,0,0,0,0,0.00164203612479475
"240","Erik Kratz",0.0232558139534884,0.27906976744186,0.302325581395349,0.395348837209302,0,0,0,0,0,0,0,0,0,0
"241","Ervin Santana",0.339491916859122,0.316397228637413,0,0.20554272517321,0.136258660508083,0,0,0,0,0,0,0,0,0
"242","Evan Marshall",0.147826086956522,0.252173913043478,0,0.217391304347826,0.382608695652174,0,0,0,0,0,0,0,0,0
"243","Felipe Rivero",0.661822985468956,0.0726552179656539,0.0700132100396301,0.192866578599736,0.00264200792602378,0,0,0,0,0,0,0,0,0
"244","Felipe Vazquez",0.661822985468956,0.0726552179656539,0.0700132100396301,0.192866578599736,0.00264200792602378,0,0,0,0,0,0,0,0,0
"245","Felix Hernandez",0.0960640426951301,0.0346897931954636,0.280186791194129,0.284856571047365,0.0653769179452969,0.236157438292195,0,0,0,0.00066711140760507,0,0,0,0.00200133422281521
"246","Felix Pena",0.181818181818182,0.352941176470588,0,0.0866310160427807,0.378609625668449,0,0,0,0,0,0,0,0,0
"247","Fernando Rodney",0.317460317460317,0.00132275132275132,0,0.287037037037037,0.394179894179894,0,0,0,0,0,0,0,0,0
"248","Fernando Romero",0.327690447400242,0.240628778718259,0,0.13180169286578,0.298669891172914,0,0,0,0,0,0,0,0,0
"249","Fernando Salas",0.609022556390977,0,0,0.235588972431078,0,0,0,0.155388471177945,0,0,0,0,0,0
"250","Francelis Montas",0.192686357243319,0.239099859353024,0,0.0337552742616034,0.531645569620253,0,0,0,0,0,0,0,0,0
"251","Francisco Liriano",0.100953895071542,0.311605723370429,0.00635930047694754,0.205087440381558,0.375198728139905,0,0,0,0,0,0,0,0,0
"252","Frankie Montas",0.192686357243319,0.239099859353024,0,0.0337552742616034,0.531645569620253,0,0,0,0,0,0,0,0,0
"253","Freddy Peralta",0.75377358490566,0,0.205660377358491,0.0405660377358491,0,0,0,0,0,0,0,0,0,0
"254","Gabriel Moya",0.333333333333333,0.171339563862928,0,0.401869158878505,0.0903426791277259,0,0,0,0,0,0,0,0,0.00311526479750779
"255","Garrett Richards",0.298780487804878,0.36219512195122,0.0963414634146341,0,0.242682926829268,0,0,0,0,0,0,0,0,0
"256","George Kontos",0.00829875518672199,0.178423236514523,0,0.012448132780083,0.215767634854772,0,0,0,0,0,0,0,0,0.5850622406639
"257","German Marquez",0.506578947368421,0.159090909090909,0.204545454545455,0.0586124401913876,0.0699760765550239,0,0,0,0,0,0,0,0,0
"258","Gerrit Cole",0.507367387033399,0.176817288801572,0,0.0422396856581532,0.0844793713163065,0.000491159135559921,0,0.18762278978389,0,0,0,0,0,0.000982318271119843
"259","Gerson Bautista",0.735294117647059,0.264705882352941,0,0,0,0,0,0,0,0,0,0,0,0
"260","Gio Gonzalez",0.312883435582822,0,0.189068600111545,0.215281650864473,0.28165086447295,0,0,0,0,0,0,0,0,0
"261","Giovanny Gallegos",0.588607594936709,0.360759493670886,0,0.0506329113924051,0,0,0,0,0,0,0,0,0,0
"262","Glenn Sparkman",0.578341013824885,0.262672811059908,0.0668202764976959,0.0921658986175115,0,0,0,0,0,0,0,0,0,0
"263","Greg Garcia",0,0,1,0,0,0,0,0,0,0,0,0,0,0
"264","Greg Holland",0.48207171314741,0.414342629482072,0.103585657370518,0,0,0,0,0,0,0,0,0,0,0
"265","Gregory Infante",1,0,0,0,0,0,0,0,0,0,0,0,0,0
"266","Hansel Robles",0.538834951456311,0.317152103559871,0,0.0161812297734628,0.127831715210356,0,0,0,0,0,0,0,0,0
"267","Heath Fillmyer",0.476872246696035,0.237885462555066,0.0825991189427313,0.128854625550661,0.0341409691629956,0,0,0,0,0,0,0,0,0.0352422907488987
"268","Heath Hembree",0.590395480225989,0.322033898305085,0.0847457627118644,0,0,0,0,0,0,0,0,0,0,0.00282485875706215
"269","Hector Neris",0.403669724770642,0.0435779816513761,0,0,0.0619266055045872,0,0.490825688073394,0,0,0,0,0,0,0
"270","Hector Rondon",0.590460526315789,0.327302631578947,0,0.0345394736842105,0.0476973684210526,0,0,0,0,0,0,0,0,0
"271","Hector Santiago",0,0.0278503046127067,0.0731070496083551,0.193211488250653,0.13141862489121,0.544821583986075,0,0,0,0,0,0,0.0234986945169713,0.00435161009573542
"272","Hector Velazquez",0.257425742574257,0.145685997171146,0.0367751060820368,0.190947666195191,0.0947666195190948,0.274398868458274,0,0,0,0,0,0,0,0
"273","Hernan Perez",0.71830985915493,0.169014084507042,0,0.112676056338028,0,0,0,0,0,0,0,0,0,0
"274","Hoby Milner",0,0,0.361111111111111,0.111111111111111,0,0.527777777777778,0,0,0,0,0,0,0,0
"275","Homer Bailey",0.446827524575514,0.179624664879357,0,0.101876675603217,0.134941912421805,0,0.0339588918677391,0.102770330652368,0,0,0,0,0,0
"276","Hunter Strickland",0.584766584766585,0.203931203931204,0,0.135135135135135,0.0761670761670762,0,0,0,0,0,0,0,0,0
"277","Hunter Wood",0.5,0.252873563218391,0.170498084291188,0.0766283524904215,0,0,0,0,0,0,0,0,0,0
"278","Hyun-Jin Ryu",0.360097323600973,0,0.155717761557178,0.182481751824818,0.0072992700729927,0,0,0,0,0,0,0,0,0.294403892944039
"279","Ian Happ",0,1,0,0,0,0,0,0,0,0,0,0,0,0
"280","Ian Kennedy",0.58188472095151,0.0978956999085087,0,0.118938700823422,0.0274473924977127,0,0,0.173833485818847,0,0,0,0,0,0
"281","Ivan Nova",0.270039421813403,0,0.201051248357424,0.125492772667543,0.403416557161629,0,0,0,0,0,0,0,0,0
"282","J.A. Happ",0.597481108312343,0.11536523929471,0.0141057934508816,0.113853904282116,0.158690176322418,0,0,0,0,0,0,0,0,0
"283","J.B. Wendelken",0.616071428571429,0,0.276785714285714,0.107142857142857,0,0,0,0,0,0,0,0,0,0
"284","J.D. Davis",1,0,0,0,0,0,0,0,0,0,0,0,0,0
"285","J.T. Chargois",0.0741839762611276,0.507418397626113,0,0.0267062314540059,0.1513353115727,0.240356083086053,0,0,0,0,0,0,0,0
"286","Jace Fry",0.184952978056426,0.0376175548589342,0.236677115987461,0.103448275862069,0.250783699059561,0,0,0,0,0,0,0,0,0.184952978056426
"287","Jack Flaherty",0.406859846244826,0.298048492016558,0,0.0325251330573625,0.160851567120047,0,0,0.101123595505618,0,0,0,0,0,0
"288","Jackson Stephens",0.456057007125891,0.137767220902613,0.130641330166271,0.0190023752969121,0.256532066508314,0,0,0,0,0,0,0,0,0
"289","Jacob Barnes",0.508196721311475,0,0,0,0,0,0,0,0,0,0,0,0,0.491803278688525
"290","Jacob deGrom",0.432631063204312,0.21656050955414,0.0813326800587947,0.177364037236649,0.0921117099461048,0,0,0,0,0,0,0,0,0
"291","Jacob Faria",0.661172161172161,0.139194139194139,0.00915750915750916,0,0,0,0.188644688644689,0,0,0,0.00183150183150183,0,0,0
"292","Jacob Nix",0.646017699115044,0.0309734513274336,0.172566371681416,0.150442477876106,0,0,0,0,0,0,0,0,0,0
"293","Jacob Rhame",0.671586715867159,0.177121771217712,0,0,0.025830258302583,0,0.118081180811808,0,0,0,0.00738007380073801,0,0,0
"294","Jacob Turner",0.0277777777777778,0.138888888888889,0.25,0.0277777777777778,0.555555555555556,0,0,0,0,0,0,0,0,0
"295","Jaime Barria",0.293045239702903,0.348413234301148,0,0.164078325455773,0.194463200540176,0,0,0,0,0,0,0,0,0
"296","Jaime Garcia",0.401416765053129,0.116883116883117,0.0271546635182999,0.122786304604486,0.331759149940968,0,0,0,0,0,0,0,0,0
"297","Jaime Schultz",0.847117794486215,0.0802005012531328,0.0676691729323308,0.0050125313283208,0,0,0,0,0,0,0,0,0,0
"298","Jake Arrieta",0.0195035460992908,0.25531914893617,0.0933806146572104,0.110520094562648,0.148936170212766,0.371749408983452,0,0,0,0,0,0,0,0
"299","Jake Barrett",0.640449438202247,0.303370786516854,0,0,0,0,0.0561797752808989,0,0,0,0,0,0,0
"300","Jake Diekman",0.00157977883096367,0.357030015797788,0,0,0.368088467614534,0.273301737756714,0,0,0,0,0,0,0,0
"301","Jake Jewell",0.342105263157895,0,0.0789473684210526,0.184210526315789,0.394736842105263,0,0,0,0,0,0,0,0,0
"302","Jake McGee",0.87787610619469,0.120353982300885,0,0,0,0,0,0,0,0,0,0,0,0
"303","Jake Odorizzi",0.57609756097561,0.194146341463415,0.0370731707317073,0,0,0,0.173658536585366,0,0,0,0,0,0,0.0185365853658537
"304","Jake Petricka",0.00338409475465313,0.260575296108291,0,0.0744500846023689,0.661590524534687,0,0,0,0,0,0,0,0,0
"305","Jake Smolinski",0,1,0,0,0,0,0,0,0,0,0,0,0,0
"306","Jake Thompson",0.184210526315789,0.231578947368421,0,0.294736842105263,0.289473684210526,0,0,0,0,0,0,0,0,0
"307","Jakob Junis",0.307878787878788,0.36,0.0727272727272727,0.0739393939393939,0.0206060606060606,0.164848484848485,0,0,0,0,0,0,0,0
"308","Jalen Beeks",0.415873015873016,0,0.176190476190476,0.152380952380952,0,0,0,0,0,0,0,0,0,0.255555555555556
"309","James Paxton",0.657210401891253,0,0,0.00236406619385343,0,0,0,0.203900709219858,0,0,0,0,0,0.136524822695035
"310","James Pazos",0.00471698113207547,0.0825471698113208,0,0,0.316037735849057,0.596698113207547,0,0,0,0,0,0,0,0
"311","James Shields",0.276554087126774,0,0,0.18942731277533,0.0744003915810083,0,0,0.177190406265296,0,0.00146842878120411,0,0.0386686245717083,0,0.242290748898678
"312","Jameson Taillon",0.358470525756771,0.179500796601168,0.187997875730218,0.0562931492299522,0.217737652681891,0,0,0,0,0,0,0,0,0
"313","Jared Hughes",0.0989660265878877,0.124076809453471,0,0.0147710487444609,0.255539143279173,0.506646971935007,0,0,0,0,0,0,0,0
"314","Jarlin Garcia",0.522088353413655,0.190763052208835,0,0.28714859437751,0,0,0,0,0,0,0,0,0,0
"315","Jason Hammel",0.119746233148295,0.334655035685963,0.0697858842188739,0.0483743061062649,0.425059476605868,0,0,0,0,0,0,0,0,0
"316","Jason Vargas",0.110762800417973,0,0,0.306165099268548,0.447230929989551,0,0,0.135841170323929,0,0,0,0,0,0
"317","Javy Guerra",0.518518518518518,0.284722222222222,0.148148148148148,0.0393518518518519,0,0,0,0,0,0,0,0,0,0.00694444444444444
"318","Jeanmar Gomez",0.00396825396825397,0.265873015873016,0,0.21031746031746,0,0.51984126984127,0,0,0,0,0,0,0,0
"319","Jedd Gyorko",0,0,0.1875,0.8125,0,0,0,0,0,0,0,0,0,0
"320","Jeff Beliveau",0.820754716981132,0,0.132075471698113,0.0377358490566038,0,0,0,0,0,0,0,0,0,0.00943396226415094
"321","Jeff Hoffman",0.570552147239264,0.171779141104294,0.128834355828221,0.122699386503067,0,0,0,0,0,0,0,0,0,0
"322","Jeff Mathis",0,0.3,0.5,0.2,0,0,0,0,0,0,0,0,0,0
"323","Jeff Samardzija",0.172535211267606,0.202464788732394,0,0,0.470070422535211,0,0.051056338028169,0.10387323943662,0,0,0,0,0,0
"324","Jefry Rodriguez",0.451612903225806,0,0.239388794567063,0.0967741935483871,0.212224108658744,0,0,0,0,0,0,0,0,0
"325","Jen-Ho Tseng",0.538461538461538,0,0.0769230769230769,0.384615384615385,0,0,0,0,0,0,0,0,0,0
"326","Jeremy Hellickson",0.383053839364519,0.0944395410414828,0.00264783759929391,0.251544571932921,0.0423654015887026,0,0,0.224183583406884,0,0,0,0,0,0.00176522506619594
"327","Jeremy Jeffress",0.25765306122449,0.00127551020408163,0,0.0076530612244898,0.32015306122449,0,0.118622448979592,0.294642857142857,0,0,0,0,0,0
"328","Jerry Blevins",0.472885032537961,0,0.368763557483731,0.119305856832972,0,0.0390455531453362,0,0,0,0,0,0,0,0
"329","Jesse Biddle",0.493562231759657,0.19170243204578,0.231759656652361,0,0.0829756795422032,0,0,0,0,0,0,0,0,0
"330","Jesse Chavez",0.340782122905028,0.100558659217877,0.023463687150838,0.0614525139664804,0.363128491620112,0,0,0,0,0,0,0,0,0.108379888268156
"331","Jesus Reyes",0.1,0.05,0,0.25,0,0.6,0,0,0,0,0,0,0,0
"332","Jesus Sucre",0.173913043478261,0,0.260869565217391,0.260869565217391,0.260869565217391,0,0,0,0,0,0,0,0,0
"333","Jeurys Familia",0.158682634730539,0.290419161676647,0,0,0.0464071856287425,0.468562874251497,0.0344311377245509,0,0,0,0,0,0,0
"334","Jhan Marinez",0.148809523809524,0.380952380952381,0,0.0357142857142857,0.43452380952381,0,0,0,0,0,0,0,0,0
"335","Jhoulys Chacin",0.131270010672359,0.430096051227321,0.00533617929562433,0.0202774813233725,0.353255069370331,0,0.0592315901814301,0,0,0,0,0,0,0
"336","Jim Johnson",0.0899653979238754,0,0.264705882352941,0.0397923875432526,0.605536332179931,0,0,0,0,0,0,0,0,0
"337","Jimmie Sherfy",0.512820512820513,0.358974358974359,0,0.128205128205128,0,0,0,0,0,0,0,0,0,0
"338","Jimmy Cordero",0.402298850574713,0.172413793103448,0,0.0459770114942529,0,0.379310344827586,0,0,0,0,0,0,0,0
"339","Jimmy Yacabonis",0,0.290909090909091,0,0.0618181818181818,0.647272727272727,0,0,0,0,0,0,0,0,0
"340","Joakim Soria",0.679447852760736,0.093558282208589,0.0720858895705521,0.147239263803681,0.00613496932515337,0,0,0,0,0,0,0,0,0
"341","Joe Biagini",0.196283391405343,0,0.137049941927991,0.0789779326364692,0.434378629500581,0,0,0,0,0,0,0,0,0.153310104529617
"342","Joe Jimenez",0.704545454545455,0.180397727272727,0,0.115056818181818,0,0,0,0,0,0,0,0,0,0
"343","Joe Kelly",0.46978021978022,0.179945054945055,0,0.0906593406593407,0.092032967032967,0,0,0.167582417582418,0,0,0,0,0,0
"344","Joe Musgrove",0.321086261980831,0.205271565495208,0,0.11741214057508,0.0263578274760383,0.150159744408946,0,0,0,0,0,0,0,0.179712460063898
"345","Joe Smith",0.409495548961424,0.305637982195846,0,0,0.0949554896142433,0.189910979228487,0,0,0,0,0,0,0,0
"346","Joey Lucchesi",0.312883435582822,0,0.189068600111545,0.215281650864473,0.28165086447295,0,0,0,0,0,0,0,0,0
"347","John Axford",0.137228260869565,0.0964673913043478,0.145380434782609,0,0.620923913043478,0,0,0,0,0,0,0,0,0
"348","John Brebbia",0.520628683693517,0.432220039292731,0,0.0157170923379175,0.031434184675835,0,0,0,0,0,0,0,0,0
"349","John Curtiss",0.586206896551724,0.413793103448276,0,0,0,0,0,0,0,0,0,0,0,0
"350","John Gant",0.0822475570032573,0.0464169381107492,0.131921824104235,0.276058631921824,0.462540716612378,0,0,0,0,0,0,0,0,0
"351","John Lamb",0.412280701754386,0,0.114035087719298,0.12280701754386,0.0087719298245614,0,0,0,0,0,0,0,0,0.342105263157895
"352","Johnny Barbato",0.425,0.183333333333333,0.025,0.116666666666667,0.25,0,0,0,0,0,0,0,0,0
"353","Johnny Cueto",0.28476821192053,0.167770419426049,0.0022075055187638,0.328918322295806,0.214128035320088,0,0,0,0,0,0,0,0,0
"354","Jon Gray",0.493444576877235,0.340286054827175,0.148986889153754,0.0166865315852205,0,0,0,0,0,0,0,0,0,0
"355","Jon Lester",0.456860706860707,0.0171517671517672,0.151247401247401,0.0951143451143451,0.00935550935550936,0.0337837837837838,0,0,0,0,0,0,0,0.236486486486486
"356","Jonathan Holder",0.566844919786096,0.192513368983957,0.00133689839572193,0.197860962566845,0,0,0,0,0,0.00133689839572193,0,0,0,0.0401069518716578
"357","Jonathan Loaisiga",0.531135531135531,0.322344322344322,0.021978021978022,0.124542124542125,0,0,0,0,0,0,0,0,0,0
"358","Jonny Venters",0.0469798657718121,0.271812080536913,0.00335570469798658,0.0335570469798658,0.12751677852349,0.516778523489933,0,0,0,0,0,0,0,0
"359","Jordan Hicks",0.0475578406169666,0.218508997429306,0,0,0.201799485861183,0.530848329048843,0,0,0,0,0,0,0,0.0012853470437018
"360","Jordan Lyles",0.3425,0.11125,0.2625,0.14,0.1425,0,0,0,0,0,0,0,0,0
"361","Jordan Montgomery",0.292307692307692,0,0,0.284615384615385,0.423076923076923,0,0,0,0,0,0,0,0,0
"362","Jordan Zimmermann",0.460916442048518,0.302785265049416,0.1392632524708,0.0790655884995508,0.0170709793351303,0,0,0,0,0.000898472596585804,0,0,0,0
"363","Jorge de la Rosa",0.43585237258348,0,0.0228471001757469,0.00175746924428822,0,0,0.427065026362039,0,0,0,0,0,0,0.112478031634446
"364","Jorge De La Rosa",0.43585237258348,0,0.0228471001757469,0.00175746924428822,0,0,0.427065026362039,0,0,0,0,0,0,0.112478031634446
"365","Jorge Lopez",0.195020746887967,0.0892116182572614,0.271784232365145,0.12655601659751,0.317427385892116,0,0,0,0,0,0,0,0,0
"366","Jose Alvarado",0.132049518569464,0,0.262723521320495,0,0.605226960110041,0,0,0,0,0,0,0,0,0
"367","Jose Alvarez",0.370572207084469,0.108991825613079,0.110354223433243,0.136239782016349,0.228882833787466,0,0,0,0,0,0,0,0,0.0449591280653951
"368","Jose Berrios",0.329922027290448,0,0.287524366471735,0.0984405458089669,0.283625730994152,0,0,0,0,0.000487329434697856,0,0,0,0
"369","Jose Castillo",0.371158392434988,0.598108747044917,0.00236406619385343,0.0283687943262411,0,0,0,0,0,0,0,0,0,0
"370","Jose Leclerc",0.454413892908828,0.402315484804631,0.0477568740955137,0.0593342981186686,0.0361794500723589,0,0,0,0,0,0,0,0,0
"371","Jose Quintana",0.474604966139955,0,0.232505643340858,0.0784424379232506,0.138261851015801,0.0761851015801354,0,0,0,0,0,0,0,0
"372","Jose Reyes",0.6875,0,0.291666666666667,0,0,0,0,0,0,0,0,0,0,0
"373","Jose Urena",0.0992555831265509,0.198511166253102,0,0.195409429280397,0.505583126550868,0,0,0,0,0,0,0,0,0
"374","Jose Valdez",0.363636363636364,0.318181818181818,0,0.181818181818182,0.136363636363636,0,0,0,0,0,0,0,0,0
"375","Joseph Biagini",0.196283391405343,0,0.137049941927991,0.0789779326364692,0.434378629500581,0,0,0,0,0,0,0,0,0.153310104529617
"376","Josh Fields",0.785992217898833,0,0,0.0466926070038911,0,0,0,0.167315175097276,0,0,0,0,0,0
"377","Josh Hader",0.792884371029225,0.170266836086404,0,0.00127064803049555,0.0355781448538755,0,0,0,0,0,0,0,0,0
"378","Josh Lucas",0.315789473684211,0.517543859649123,0,0,0.0921052631578947,0.0745614035087719,0,0,0,0,0,0,0,0
"379","Josh Osich",0.646153846153846,0.0461538461538462,0,0.307692307692308,0,0,0,0,0,0,0,0,0,0
"380","Josh Ravin",1,0,0,0,0,0,0,0,0,0,0,0,0,0
"381","Josh Smoker",0.635294117647059,0.235294117647059,0,0,0,0,0.129411764705882,0,0,0,0,0,0,0
"382","Josh Tomlin",0.328545780969479,0,0.165170556552962,0.0448833034111311,0.00897666068222621,0.0305206463195691,0,0,0,0,0,0,0,0.420107719928187
"383","Juan Minaya",0.44589552238806,0.110074626865672,0.0597014925373134,0.102611940298507,0.281716417910448,0,0,0,0,0,0,0,0,0
"384","Juan Nicasio",0.694827586206897,0.279310344827586,0,0.00172413793103448,0.0241379310344828,0,0,0,0,0,0,0,0,0
"385","Julio Teheran",0.434217955957086,0.206662902315076,0.0592885375494071,0.0779220779220779,0.220214568040655,0,0,0,0,0,0,0,0,0
"386","Junichi Tazawa",0.609756097560976,0.0182926829268293,0.23780487804878,0,0,0,0,0,0,0,0,0,0,0
"387","Junior Guerra",0.365867579908676,0.133561643835616,0,0,0.345890410958904,0,0.154680365296804,0,0,0,0,0,0,0
"388","Justin Grimm",0.513157894736842,0,0.434210526315789,0,0.0526315789473684,0,0,0,0,0,0,0,0,0
"389","Justin Haley",0.569444444444444,0.215277777777778,0.166666666666667,0.0347222222222222,0.0138888888888889,0,0,0,0,0,0,0,0,0
"390","Justin Miller",0.714067278287462,0.264525993883792,0,0.0214067278287462,0,0,0,0,0,0,0,0,0,0
"391","Justin Verlander",0.629577464788732,0.212206572769953,0.137089201877934,0.0136150234741784,0.000938967136150235,0,0,0.000938967136150235,0,0,0,0,0,0.00563380281690141
"392","Justin Wilson",0.754716981132076,0.0849056603773585,0,0,0,0,0,0,0,0,0,0,0,0.160377358490566
"393","Kelvin Herrera",0.482698961937716,0.190311418685121,0,0.15916955017301,0.167820069204152,0,0,0,0,0,0,0,0,0
"394","Ken Giles",0.562874251497006,0.409181636726547,0,0,0,0.00399201596806387,0,0,0,0,0,0,0,0
"395","Kendall Graveman",0.0151515151515152,0,0,0.863636363636364,0,0,0,0,0,0,0,0,0,0.121212121212121
"396","Kendrys Morales",0.0625,0.3125,0.125,0.5,0,0,0,0,0,0,0,0,0,0
"397","Kenley Jansen",0.107336956521739,0.0611413043478261,0,0,0,0,0,0,0,0,0,0,0,0.831521739130435
"398","Kenta Maeda",0.419328419328419,0.266175266175266,0.117936117936118,0.165438165438165,0.0221130221130221,0,0,0,0,0,0,0,0,0.00900900900900901
"399","Keone Kela",0.639570552147239,0,0.342024539877301,0.0184049079754601,0,0,0,0,0,0,0,0,0,0
"400","Keury Mella",0.712121212121212,0.181818181818182,0,0.106060606060606,0,0,0,0,0,0,0,0,0,0
"401","Kevin Gausman",0.61063829787234,0.131382978723404,0,0,0,0,0.257978723404255,0,0,0,0,0,0,0
"402","Kevin Jepsen",0.728813559322034,0,0.177966101694915,0.0932203389830508,0,0,0,0,0,0,0,0,0,0
"403","Kevin McCarthy",0.00943396226415094,0.0880503144654088,0.0267295597484277,0.257861635220126,0.364779874213836,0.25314465408805,0,0,0,0,0,0,0,0
"404","Kevin Quackenbush",1,0,0,0,0,0,0,0,0,0,0,0,0,0
"405","Kevin Shackelford",0.5,0.2,0,0,0.3,0,0,0,0,0,0,0,0,0
"406","Keynan Middleton",0.922077922077922,0.051948051948052,0,0.025974025974026,0,0,0,0,0,0,0,0,0,0
"407","Kirby Yates",0.586924219910847,0.0579494799405646,0,0.0208023774145617,0,0,0.322436849925706,0,0,0,0,0,0,0.011887072808321
"408","Koda Glover",0.10126582278481,0.455696202531646,0.0506329113924051,0.126582278481013,0,0.265822784810127,0,0,0,0,0,0,0,0
"409","Kohl Stewart",0.352459016393443,0.0327868852459016,0.147540983606557,0.0737704918032787,0.39344262295082,0,0,0,0,0,0,0,0,0
"410","Kolby Allard",0.619631901840491,0,0.141104294478528,0.239263803680982,0,0,0,0,0,0,0,0,0,0
"411","Kris Medlen",0.475247524752475,0.0396039603960396,0.0891089108910891,0.247524752475248,0.148514851485149,0,0,0,0,0,0,0,0,0
"412","Kyle Barraclough",0.661016949152542,0.23728813559322,0,0.100154083204931,0.00154083204930663,0,0,0,0,0,0,0,0,0
"413","Kyle Crick",0.57601977750309,0.236093943139679,0,0.00741656365883807,0.177997527812114,0,0,0,0,0,0,0,0,0
"414","Kyle Crockett",0.559322033898305,0.214689265536723,0,0.225988700564972,0,0,0,0,0,0,0,0,0,0
"415","Kyle Freeland",0.410677618069815,0.253593429158111,0.0600616016427105,0.174024640657084,0.100616016427105,0,0,0.00102669404517454,0,0,0,0,0,0
"416","Kyle Gibson",0.251972157772622,0.212064965197216,0.0937354988399072,0.109048723897912,0.332714617169374,0,0,0,0,0,0,0,0,0
"417","Kyle Hendricks",0.173056443024494,0,0.0804046858359957,0.313631522896699,0.140575079872204,0.291267305644302,0,0,0,0,0,0,0,0
"418","Lance Lynn",0.458355437665783,0,0.0795755968169761,0.0180371352785146,0.308753315649867,0,0,0,0,0,0,0,0,0.135278514588859
"419","Lance McCullers",0.00506146059291396,0,0,0.195950831525669,0.389732465654375,0,0,0.409255242227043,0,0,0,0,0,0
"420","Liam Hendriks",0.416666666666667,0.269230769230769,0.0384615384615385,0.00641025641025641,0.269230769230769,0,0,0,0,0,0,0,0,0
"421","Lou Trivino",0.269230769230769,0,0.0508684863523573,0.011166253101737,0.246898263027295,0,0,0,0,0.00248138957816377,0,0,0,0.419354838709677
"422","Louis Coleman",0.432078559738134,0.474631751227496,0,0.0769230769230769,0.016366612111293,0,0,0,0,0,0,0,0,0
"423","Lucas Giolito",0.443232523549826,0.143282102131879,0.100644521566683,0.160138820029747,0.152206246901339,0,0,0,0,0,0,0,0,0
"424","Lucas Sims",0.371069182389937,0,0.289308176100629,0.157232704402516,0.0754716981132075,0.106918238993711,0,0,0,0,0,0,0,0
"425","Luis Avilan",0.00528169014084507,0,0.165492957746479,0.459507042253521,0.362676056338028,0,0,0,0,0,0,0,0,0.00352112676056338
"426","Luis Castillo",0.360560093348891,0.167444574095683,0,0.26196032672112,0.210035005834306,0,0,0,0,0,0,0,0,0
"427","Luis Cessa",0.448877805486284,0.406483790523691,0.0473815461346633,0.0972568578553616,0,0,0,0,0,0,0,0,0,0
"428","Luis Garcia",0.143958868894602,0.395886889460154,0,0,0.323907455012853,0,0.133676092544987,0,0,0,0,0,0,0
"429","Luis Perdomo",0.475750577367206,0.212471131639723,0,0,0.157043879907621,0,0.150115473441109,0,0,0,0,0,0,0
"430","Luis Santos",0.437974683544304,0,0.268354430379747,0.227848101265823,0.0658227848101266,0,0,0,0,0,0,0,0,0
"431","Luis Severino",0.536714975845411,0.33768115942029,0,0.1256038647343,0,0,0,0,0,0,0,0,0,0
"432","Luiz Gohara",0.541516245487365,0.407942238267148,0,0.0324909747292419,0.0180505415162455,0,0,0,0,0,0,0,0,0
"433","Luke Farrell",0.598911070780399,0.270417422867514,0.0780399274047187,0.0526315789473684,0,0,0,0,0,0,0,0,0,0
"434","Luke Gregerson",0.197674418604651,0.261627906976744,0,0.0232558139534884,0.517441860465116,0,0,0,0,0,0,0,0,0
"435","Luke Jackson",0.425149700598802,0.435129740518962,0.135728542914172,0,0,0,0,0,0,0,0,0,0,0.00199600798403194
"436","Luke Weaver",0.588439306358381,0,0.115028901734104,0.25028901734104,0.00115606936416185,0,0,0,0,0,0,0,0,0.0450867052023121
"437","Madison Bumgarner",0,0,0.223443223443223,0.0769230769230769,0.354578754578755,0,0,0,0,0,0,0,0,0.342857142857143
"438","Marc Rzepczynski",0,0.336633663366337,0,0.118811881188119,0.148514851485149,0.396039603960396,0,0,0,0,0,0,0,0
"439","Marco Estrada",0.467263955892488,0,0.0689179875947622,0.359751895244659,0,0,0,0.0192970365265334,0,0.000689179875947622,0,0,0,0.0840799448656099
"440","Marco Gonzales",0.0511523327712198,0.00168634064080944,0.224283305227656,0.249016301292861,0.0500281056773468,0.225969645868465,0,0,0,0,0,0,0,0.197301854974705
"441","Marcus Stroman",0.0702781844802343,0.265007320644217,0.0153733528550512,0.04099560761347,0.422401171303075,0,0,0,0,0,0,0,0,0.185944363103953
"442","Mark Leiter",0.302491103202847,0,0.103202846975089,0.234875444839858,0.224199288256228,0,0,0,0,0,0,0,0,0.135231316725979
"443","Mark Melancon",0.24,0,0,0,0,0,0.0378947368421053,0.269473684210526,0,0,0,0,0,0.448421052631579
"444","Mark Reynolds",0,0,1,0,0,0,0,0,0,0,0,0,0,0
"445","Martin Perez",0.15675057208238,0.0526315789473684,0.074370709382151,0.172768878718535,0.543478260869565,0,0,0,0,0,0,0,0,0
"446","Masahiro Tanaka",0.228303362001564,0.308835027365129,0.035965598123534,0.00156372165754496,0.00781860828772478,0.0398749022673964,0.333854573885848,0,0,0,0,0,0,0.0437842064112588
"447","Matt Albers",0.214092140921409,0.222222222222222,0,0.176151761517615,0.0677506775067751,0.319783197831978,0,0,0,0,0,0,0,0
"448","Matt Andriese",0.487257900101937,0.0101936799184506,0.0713557594291539,0.431192660550459,0,0,0,0,0,0,0,0,0,0
"449","Matt Barnes",0.545336787564767,0.00647668393782383,0.422279792746114,0.0259067357512953,0,0,0,0,0,0,0,0,0,0
"450","Matt Belisle",0.467914438502674,0.387700534759358,0.0695187165775401,0.00267379679144385,0.072192513368984,0,0,0,0,0,0,0,0,0
"451","Matt Bowman",0.125786163522013,0.182389937106918,0.0125786163522013,0,0.515723270440252,0,0.163522012578616,0,0,0,0,0,0,0
"452","Matt Boyd",0.328905419766206,0.286928799149841,0.133900106269926,0.0924548352816153,0.157810839532412,0,0,0,0,0,0,0,0,0
"453","Matt Bush",0.654320987654321,0,0.181069958847737,0,0.00411522633744856,0,0,0,0,0,0,0,0,0.160493827160494
"454","Matt Davidson",0.181818181818182,0.0909090909090909,0.318181818181818,0.0454545454545455,0.227272727272727,0,0,0,0,0,0,0,0,0.136363636363636
"455","Matt Grace",0,0.280148423005566,0,0.0445269016697588,0.211502782931354,0.463821892393321,0,0,0,0,0,0,0,0
"456","Matt Harvey",0.305338078291815,0.229181494661922,0.0434163701067616,0.111743772241993,0.308185053380783,0,0,0,0,0,0,0,0,0
"457","Matt Koch",0.448051948051948,0,0.141558441558442,0.15974025974026,0,0,0,0,0,0,0,0,0,0.250649350649351
"458","Matt Magill",0.586206896551724,0.294429708222812,0,0.0424403183023873,0.0596816976127321,0,0,0,0,0,0,0,0,0.0172413793103448
"459","Matt Moore",0.608238387379492,0,0,0.120070113935145,0,0,0,0.174408413672217,0,0,0,0,0,0.0972830850131464
"460","Matt Strahm",0.611581920903955,0.112994350282486,0.114406779661017,0.152542372881356,0,0,0,0,0,0,0,0,0,0.00847457627118644
"461","Matt Wisler",0.433691756272401,0.390681003584229,0.032258064516129,0.014336917562724,0.129032258064516,0,0,0,0,0,0,0,0,0
"462","Matthew Strahm",0.611581920903955,0.112994350282486,0.114406779661017,0.152542372881356,0,0,0,0,0,0,0,0,0,0.00847457627118644
"463","Matthew Wisler",0.433691756272401,0.390681003584229,0.032258064516129,0.014336917562724,0.129032258064516,0,0,0,0,0,0,0,0,0
"464","Max Fried",0.530892448512586,0,0.244851258581236,0.128146453089245,0.0160183066361556,0,0,0,0,0,0,0,0,0.080091533180778
"465","Max Scherzer",0.512264150943396,0.154716981132075,0.0716981132075472,0.157075471698113,0,0,0,0,0,0,0,0,0,0.10377358490566
"466","Merandy Gonzalez",0.586486486486486,0,0.254054054054054,0.116216216216216,0.0027027027027027,0,0,0,0,0,0,0,0,0.0405405405405405
"467","Michael Feliz",0.774869109947644,0.165794066317627,0,0.0575916230366492,0,0,0,0,0,0,0,0,0,0
"468","Michael Fulmer",0.292592592592593,0.220740740740741,0,0.145185185185185,0.340740740740741,0,0,0,0,0,0,0,0,0
"469","Michael Kopech",0.695652173913043,0.239130434782609,0,0.0652173913043478,0,0,0,0,0,0,0,0,0,0
"470","Michael Lorenzen",0.0428240740740741,0.291666666666667,0.112268518518519,0.0787037037037037,0.462962962962963,0,0,0,0,0,0,0,0,0.0115740740740741
"471","Michael Wacha",0.411831626848692,0,0.129692832764505,0.225255972696246,0.00568828213879408,0,0,0,0,0,0,0,0,0.227531285551763
"472","Miguel Almonte",0.363636363636364,0.0454545454545455,0.454545454545455,0.0909090909090909,0.0454545454545455,0,0,0,0,0,0,0,0,0
"473","Miguel Castro",0.00199600798403194,0.243512974051896,0,0.176646706586826,0.127744510978044,0.449101796407186,0,0,0,0,0,0,0,0
"474","Miguel Diaz",0.446808510638298,0.159574468085106,0.0585106382978723,0.212765957446809,0.122340425531915,0,0,0,0,0,0,0,0,0
"475","Miguel Socolovich",0.405405405405405,0.175675675675676,0,0.418918918918919,0,0,0,0,0,0,0,0,0,0
"476","Mike Clevinger",0.554464703132305,0.199625993454885,0.106124357176251,0.13838242169238,0,0,0,0,0,0,0,0,0,0
"477","Mike Dunn",0.64321608040201,0.296482412060302,0.0603015075376884,0,0,0,0,0,0,0,0,0,0,0
"478","Mike Fiers",0.418655097613883,0.16648590021692,0.146420824295011,0.161605206073753,0.106290672451193,0,0,0,0,0,0,0,0,0
"479","Mike Foltynewicz",0.389048991354467,0.280115273775216,0.0801152737752161,0.0536023054755043,0.196541786743516,0,0,0,0,0,0,0,0,0
"480","Mike Hauschild",0,0.342857142857143,0,0.142857142857143,0,0.514285714285714,0,0,0,0,0,0,0,0
"481","Mike Leake",0.0165148063781321,0.103644646924829,0,0.18621867881549,0.0939635535307517,0.263667425968109,0,0.105353075170843,0,0,0,0,0,0.230068337129841
"482","Mike Mayers",0.614925373134328,0.374626865671642,0,0.0104477611940299,0,0,0,0,0,0,0,0,0,0
"483","Mike Minor",0.500981033355134,0.181164159581426,0,0.215827338129496,0.00588620013080445,0,0,0.0954872465663833,0,0,0,0,0,0
"484","Mike Montgomery",0.4640625,0,0.2359375,0.20546875,0.00078125,0,0,0,0,0,0,0,0,0.09296875
"485","Mike Morin",0.338461538461538,0.107692307692308,0,0.323076923076923,0.0615384615384615,0,0,0,0,0,0,0,0,0.169230769230769
"486","Mike Soroka",0.282539682539683,0.212698412698413,0,0.107936507936508,0.396825396825397,0,0,0,0,0,0,0,0,0
"487","Mike Wright",0.398471615720524,0.278384279475983,0.0567685589519651,0.0611353711790393,0.15174672489083,0.0534934497816594,0,0,0,0,0,0,0,0
"488","Mike Zagurski",0.697674418604651,0.186046511627907,0.116279069767442,0,0,0,0,0,0,0,0,0,0,0
"489","Miles Mikolas",0.288270377733598,0.263419483101392,0.198807157057654,0.0462226640159046,0.203280318091451,0,0,0,0,0,0,0,0,0
"490","Mitch Garver",0,0,0.928571428571429,0.0714285714285714,0,0,0,0,0,0,0,0,0,0
"491","Mychal Givens",0.782456140350877,0.116959064327485,0,0.0994152046783626,0.00116959064327485,0,0,0,0,0,0,0,0,0
"492","Nate Jones",0,0.28125,0,0.0208333333333333,0.697916666666667,0,0,0,0,0,0,0,0,0
"493","Nathan Eovaldi",0.384674922600619,0.113777089783282,0.0348297213622291,0,0,0,0.127708978328173,0,0,0,0,0,0,0.338235294117647
"494","Neil Ramirez",0.191449814126394,0.429368029739777,0,0,0.379182156133829,0,0,0,0,0,0,0,0,0
"495","Nick Gardewine",0.5,0.472222222222222,0,0.0277777777777778,0,0,0,0,0,0,0,0,0,0
"496","Nick Goody",0.691176470588235,0.308823529411765,0,0,0,0,0,0,0,0,0,0,0,0
"497","Nick Kingham",0.453907815631263,0.143286573146293,0.0821643286573146,0.161322645290581,0.159318637274549,0,0,0,0,0,0,0,0,0
"498","Nick Pivetta",0.515837104072398,0.173076923076923,0.200226244343891,0.0203619909502262,0.0888009049773756,0,0,0,0,0,0,0,0,0.00113122171945701
"499","Nick Rumbelow",0.513513513513513,0.279279279279279,0,0.202702702702703,0.0045045045045045,0,0,0,0,0,0,0,0,0
"500","Nick Tropeano",0.260153677277717,0.210757409440176,0,0.166849615806806,0.21953896816685,0,0.142700329308452,0,0,0,0,0,0,0
"501","Nick Vincent",0.431289640591966,0,0,0.0317124735729387,0.00845665961945032,0,0,0,0,0,0,0,0,0.528541226215645
"502","Nick Wittgren",0.721674876847291,0.113300492610837,0,0.165024630541872,0,0,0,0,0,0,0,0,0,0
"503","Noah Syndergaard",0.223214285714286,0.215178571428571,0.0767857142857143,0.158035714285714,0.000892857142857143,0.325892857142857,0,0,0,0,0,0,0,0
"504","Noe Ramirez",0,0.00123456790123457,0.287654320987654,0.282716049382716,0.22962962962963,0.197530864197531,0,0,0,0.00123456790123457,0,0,0,0
"505","Odrisamer Despaigne",0.188191881918819,0.125461254612546,0.044280442804428,0.0996309963099631,0.040590405904059,0.302583025830258,0,0,0,0,0,0,0,0.195571955719557
"506","Oliver Drake",0.471910112359551,0,0.0606741573033708,0,0,0,0.467415730337079,0,0,0,0,0,0,0
"507","Oliver Perez",0.113636363636364,0.480519480519481,0.0194805194805195,0,0.113636363636364,0.272727272727273,0,0,0,0,0,0,0,0
"508","Pablo Lopez",0.332298136645963,0,0.198757763975155,0.194616977225673,0.273291925465839,0,0,0,0,0,0,0,0,0
"509","Pablo Sandoval",0,0,0,1,0,0,0,0,0,0,0,0,0,0
"510","Pat Neshek",0,0.602459016393443,0,0.00819672131147541,0.00819672131147541,0.381147540983607,0,0,0,0,0,0,0,0
"511","Pat Venditte",0,0.44,0.08,0.24,0,0.2,0,0,0,0,0,0,0,0.04
"512","Patrick Corbin",0.22434875066454,0.373205741626794,0.0978203083466241,0.0175438596491228,0.286549707602339,0,0,0,0,0,0,0,0,0
"513","Paul Blackburn",0.0930851063829787,0.337765957446808,0.0930851063829787,0.143617021276596,0.332446808510638,0,0,0,0,0,0,0,0,0
"514","Paul Fry",0.535714285714286,0.464285714285714,0,0,0,0,0,0,0,0,0,0,0,0
"515","Paul Sewald",0.683823529411765,0.242647058823529,0,0.0735294117647059,0,0,0,0,0,0,0,0,0,0
"516","Pedro Araujo",0.461538461538462,0.161943319838057,0,0.303643724696356,0.0728744939271255,0,0,0,0,0,0,0,0,0
"517","Pedro Baez",0.3327239488117,0.182815356489945,0,0.157221206581353,0.327239488117002,0,0,0,0,0,0,0,0,0
"518","Pedro Florimon",0.357142857142857,0.0714285714285714,0,0.571428571428571,0,0,0,0,0,0,0,0,0,0
"519","Pedro Strop",0.152777777777778,0.265625,0,0.00347222222222222,0.230902777777778,0,0.324652777777778,0,0,0,0,0,0,0.0208333333333333
"520","Peter Moylan",0,0.368794326241135,0,0.0673758865248227,0.234042553191489,0.329787234042553,0,0,0,0,0,0,0,0
"521","Phil Hughes",0.533081285444234,0,0,0.0056710775047259,0.11531190926276,0,0,0.13421550094518,0,0,0,0,0,0.2117202268431
"522","Phil Maton",0.531194295900178,0.331550802139037,0,0,0,0,0,0,0,0,0,0,0,0.137254901960784
"523","Phillip Ervin",0,0,1,0,0,0,0,0,0,0,0,0,0,0
"524","Pierce Johnson",0.513100436681223,0,0.281659388646288,0,0,0,0,0,0,0,0,0,0,0.205240174672489
"525","PitchL",0.365555195528463,0.14235808744608,0.0827882298142935,0.124906336701837,0.128961704368254,0.0782873286214788,0.00823224447639685,0.0261548431519472,0,0.0000303772858907633,0.0000354401668725572,0.00000506288098179388,0.000187326596326374,0.0424978229611778
"526","PitchR",0.35975799190147,0.168770283624084,0.0853996521177464,0.0886520528036817,0.138099776562004,0.0632068003784229,0.017569633494988,0.0217294767900051,0,0.000210624976962893,0.0000210624976962894,0.000314182257302982,0,0.0505640361362252
"527","Preston Guilmet",0.362244897959184,0.591836734693878,0,0,0,0,0,0,0,0,0,0,0,0.0459183673469388
"528","Raisel Iglesias",0.182705718270572,0.276150627615063,0,0.258019525801953,0.0836820083682008,0.199442119944212,0,0,0,0,0,0,0,0
"529","Randall Delgado",0.537878787878788,0.0454545454545455,0.0984848484848485,0.310606060606061,0.00757575757575758,0,0,0,0,0,0,0,0,0
"530","Randy Rosario",0.527720739219713,0,0.00205338809034908,0.0513347022587269,0.0780287474332649,0,0,0,0,0,0,0,0,0.340862422997947
"531","Ranger Suarez",0.284722222222222,0.194444444444444,0.0347222222222222,0.236111111111111,0.25,0,0,0,0,0,0,0,0,0
"532","Ray Black",0.636029411764706,0.25,0.0882352941176471,0.0110294117647059,0,0,0,0,0,0,0,0,0,0
"533","Reyes Moronta",0.553383458646617,0.445112781954887,0,0,0,0,0,0,0,0,0,0,0,0
"534","Reymin Guduan",0.5,0.5,0,0,0,0,0,0,0,0,0,0,0,0
"535","Reynaldo Lopez",0.638477801268499,0.164904862579281,0.0454545454545455,0.150105708245243,0.00105708245243129,0,0,0,0,0,0,0,0,0
"536","Rhiner Cruz",0.306451612903226,0.193548387096774,0.129032258064516,0.193548387096774,0.17741935483871,0,0,0,0,0,0,0,0,0
"537","Ricardo Rodriguez",0.494623655913978,0.43010752688172,0.0752688172043011,0,0,0,0,0,0,0,0,0,0,0
"538","Rich Hill",0.52824184566428,0,0.424025457438345,0,0.0397772474144789,0,0,0,0,0,0,0,0,0.00795544948289578
"539","Richard Bleier",0.0454545454545455,0.0743801652892562,0,0.0330578512396694,0.190082644628099,0.384297520661157,0,0,0,0,0,0,0,0.272727272727273
"540","Richard Rodriguez",0.76246719160105,0.23490813648294,0,0,0,0,0,0,0,0,0,0,0,0.00131233595800525
"541","Rick Porcello",0.202883625128733,0.219876416065911,0.148815653964985,0.118434603501545,0.309989701338826,0,0,0,0,0,0,0,0,0
"542","Rob Zastryzny",0.626168224299065,0,0.168224299065421,0,0,0,0,0,0,0,0,0,0,0.205607476635514
"543","Robbie Erlin",0.280042918454936,0.0214592274678112,0.204935622317597,0.159871244635193,0.332618025751073,0,0,0,0,0,0,0,0,0
"544","Robbie Ray",0.568181818181818,0.270979020979021,0.156468531468531,0,0.0034965034965035,0,0,0,0,0,0,0,0,0
"545","Robby Scott",0.2,0.218181818181818,0.109090909090909,0.0909090909090909,0,0.381818181818182,0,0,0,0,0,0,0,0
"546","Robert Gsellman",0.0103806228373702,0.149942329873126,0.118800461361015,0.0945790080738178,0.625144175317186,0,0,0,0,0,0,0,0,0
"547","Robert Stephenson",0.363247863247863,0.376068376068376,0.0982905982905983,0.162393162393162,0,0,0,0,0,0,0,0,0,0
"548","Roberto  Gomez",0.694444444444444,0,0,0.305555555555556,0,0,0,0,0,0,0,0,0,0
"549","Roberto Osuna",0.455598455598456,0.158301158301158,0,0.0617760617760618,0.138996138996139,0,0,0,0,0,0,0,0,0.185328185328185
"550","Roenis Elias",0.334661354581673,0,0.256972111553785,0.181274900398406,0.227091633466135,0,0,0,0,0,0,0,0,0
"551","Roman Quinn",0.975609756097561,0,0,0,0,0,0,0,0,0,0,0,0,0
"552","Ross Detwiler",0.302631578947368,0.144736842105263,0,0.342105263157895,0,0.210526315789474,0,0,0,0,0,0,0,0
"553","Ross Stripling",0.386541471048513,0.242566510172144,0,0.115023474178404,0.0054773082942097,0,0,0.216744913928013,0,0,0,0,0,0.0336463223787167
"554","Ryan Borucki",0,0.134285714285714,0.00571428571428571,0.256190476190476,0.127619047619048,0.475238095238095,0,0,0,0,0,0,0,0
"555","Ryan Brasier",0.530821917808219,0.345890410958904,0,0.00342465753424658,0.11986301369863,0,0,0,0,0,0,0,0,0
"556","Ryan Buchter",0.719653179190751,0,0.135838150289017,0,0,0,0,0,0,0,0,0,0,0.144508670520231
"557","Ryan Carpenter",0.215384615384615,0.289230769230769,0.12,0.0984615384615385,0.276923076923077,0,0,0,0,0,0,0,0,0
"558","Ryan Cook",0.561728395061728,0.259259259259259,0,0.037037037037037,0.141975308641975,0,0,0,0,0,0,0,0,0
"559","Ryan Dull",0.564102564102564,0.391941391941392,0,0.043956043956044,0,0,0,0,0,0,0,0,0,0
"560","Ryan LaMarre",1,0,0,0,0,0,0,0,0,0,0,0,0,0
"561","Ryan Madson",0.520089285714286,0,0.0892857142857143,0.205357142857143,0.180803571428571,0,0,0.00446428571428571,0,0,0,0,0,0
"562","Ryan Pressly",0.464435146443515,0.248256624825662,0.249651324965133,0,0.0362622036262204,0,0,0,0,0,0,0,0,0
"563","Ryan Rua",0.5,0,0.125,0.375,0,0,0,0,0,0,0,0,0,0
"564","Ryan Sherriff",0.0178571428571429,0.303571428571429,0,0,0.660714285714286,0.0178571428571429,0,0,0,0,0,0,0,0
"565","Ryan Tepera",0.320552147239264,0.0260736196319018,0,0.0184049079754601,0.0628834355828221,0.220858895705521,0,0,0,0,0,0,0,0.351226993865031
"566","Ryan Weber",0.0172413793103448,0,0.189655172413793,0.0344827586206897,0,0.758620689655172,0,0,0,0,0,0,0,0
"567","Ryan Yarbrough",0.0502197112366604,0,0.0872567482736974,0.24105461393597,0.0941619585687382,0.214061519146265,0,0,0,0,0,0,0,0.313245448838669
"568","Ryne Stanek",0.609848484848485,0.258838383838384,0,0.053030303030303,0,0,0.077020202020202,0,0,0,0,0,0,0
"569","Sal Romano",0.122946175637394,0.239660056657224,0.0220963172804533,0.056657223796034,0.541076487252125,0,0,0,0,0,0,0,0,0.0158640226628895
"570","Sam Dyson",0.0638297872340425,0.130496453900709,0.0453900709219858,0.171631205673759,0.585815602836879,0,0,0,0,0,0,0,0,0
"571","Sam Freeman",0.392857142857143,0,0.129699248120301,0,0.257518796992481,0,0.219924812030075,0,0,0,0,0,0,0
"572","Sam Gaviglio",0,0.269565217391304,0.0565217391304348,0.138405797101449,0.192028985507246,0.342028985507246,0,0,0,0.00144927536231884,0,0,0,0
"573","Sam Howard",0.666666666666667,0,0,0.166666666666667,0,0,0,0,0,0,0,0,0,0.166666666666667
"574","Sam Tuivailala",0.240601503759398,0.253759398496241,0.142857142857143,0,0.360902255639098,0,0,0,0,0,0,0,0,0
"575","Sammy Solis",0.00244498777506112,0,0,0.156479217603912,0.462102689486553,0.178484107579462,0,0.200488997555012,0,0,0,0,0,0
"576","Sandy Alcantara",0.346938775510204,0.183673469387755,0,0.357142857142857,0.112244897959184,0,0,0,0,0,0,0,0,0
"577","Sandy Baez",0.426829268292683,0.292682926829268,0.024390243902439,0.25609756097561,0,0,0,0,0,0,0,0,0,0
"578","Santiago Casilla",0.205479452054795,0.0993150684931507,0,0.089041095890411,0.366438356164384,0,0,0.23972602739726,0,0,0,0,0,0
"579","Scott Alexander",0.0281195079086116,0.123022847100176,0,0.0333919156414763,0.205623901581722,0.609841827768014,0,0,0,0,0,0,0,0
"580","Scott Barlow",0.545098039215686,0.231372549019608,0.137254901960784,0.0823529411764706,0,0,0,0,0,0,0,0,0,0
"581","Scott Copeland",0,0.454545454545455,0,0.136363636363636,0.409090909090909,0,0,0,0,0,0,0,0,0
"582","Scott Kingery",0,0,0,0,0,0,0,0,0,0,0,0,0,0
"583","Scott Oberg",0.548523206751055,0.335443037974684,0,0.080168776371308,0.0358649789029536,0,0,0,0,0,0,0,0,0
"584","Sean Doolittle",0.903010033444816,0.0301003344481605,0,0,0,0,0.0668896321070234,0,0,0,0,0,0,0
"585","Sean Gilmartin",0.2,0.286666666666667,0.0666666666666667,0.293333333333333,0.153333333333333,0,0,0,0,0,0,0,0,0
"586","Sean Manaea",0.579878385848535,0.106688778330569,0,0.311221669430625,0,0,0,0,0,0,0,0,0,0
"587","Sean Newcomb",0.640022675736961,0.0464852607709751,0.128684807256236,0.184240362811791,0,0,0,0,0,0,0,0,0,0
"588","Sean Reid-Foley",0.564356435643564,0.163366336633663,0.113861386138614,0.158415841584158,0,0,0,0,0,0,0,0,0,0
"589","Seranthony Dominguez",0.645833333333333,0.251388888888889,0,0.0236111111111111,0.0791666666666667,0,0,0,0,0,0,0,0,0
"590","Sergio Romo",0.175392670157068,0.569371727748691,0.00392670157068063,0.107329842931937,0.0274869109947644,0.116492146596859,0,0,0,0,0,0,0,0
"591","Seth Lugo",0.260226283724978,0.103568320278503,0.324630113141862,0.061792863359443,0.249782419495213,0,0,0,0,0,0,0,0,0
"592","Seung Hwan Oh",0.532650448143406,0.0217669654289373,0.0665813060179257,0.0524967989756722,0.0320102432778489,0,0,0,0,0.00128040973111396,0,0,0,0.291933418693982
"593","Shane Bieber",0.566798418972332,0.229249011857708,0.158102766798419,0.0426877470355731,0,0,0,0,0,0,0,0,0,0
"594","Shane Carle",0.340388007054674,0.220458553791887,0.141093474426808,0.165784832451499,0.132275132275132,0,0,0,0,0,0,0,0,0
"595","Shane Greene",0.0354131534569983,0.224283305227656,0.00168634064080944,0,0.494097807757167,0,0,0,0,0,0,0,0,0.24283305227656
"596","Shawn Kelley",0.527777777777778,0.47008547008547,0,0,0,0,0,0,0,0,0,0,0,0
"597","Shelby Miller",0.391025641025641,0,0.237179487179487,0,0.240384615384615,0,0,0,0,0,0,0,0,0.131410256410256
"598","Shohei Ohtani",0.489411764705882,0.223529411764706,0.0682352941176471,0.00235294117647059,0,0,0.216470588235294,0,0,0,0,0,0,0
"599","Silvino Bracho",0.579908675799087,0.0684931506849315,0,0.351598173515982,0,0,0,0,0,0,0,0,0,0
"600","Sonny Gray",0.27536231884058,0.1256038647343,0.242926155969634,0.0151828847481021,0.339544513457557,0,0,0,0,0,0,0,0,0.00138026224982747
"601","Stephen Gonsalves",0.554140127388535,0.165605095541401,0.0509554140127389,0.229299363057325,0,0,0,0,0,0,0,0,0,0
"602","Stephen Strasburg",0.497658079625293,0.0796252927400468,0.203747072599532,0.174473067915691,0.0444964871194379,0,0,0,0,0,0,0,0,0
"603","Steve Cishek",0.102134146341463,0.399390243902439,0,0.00304878048780488,0.155487804878049,0.339939024390244,0,0,0,0,0,0,0,0
"604","Steven Brault",0.449069003285871,0.0273822562979189,0.00657174151150055,0.109529025191676,0.208105147864184,0,0,0,0,0,0,0,0,0.19934282584885
"605","Steven Matz",0.013986013986014,0.0909090909090909,0.143674507310871,0.165289256198347,0.0756516211061666,0.510489510489511,0,0,0,0,0,0,0,0
"606","Steven Wright",0.0762527233115468,0,0.0348583877995643,0,0,0,0,0,0,0,0,0,0,0
"607","T.J. McFarland",0,0.100123609394314,0.00123609394313968,0.142150803461063,0.561186650185414,0.19406674907293,0,0,0,0,0,0,0,0
"608","Tanner Roark",0.174371859296482,0.105527638190955,0.129145728643216,0.124623115577889,0.450753768844221,0,0,0,0,0,0,0,0,0.0150753768844221
"609","Tanner Scott",0.562783661119516,0.435703479576399,0,0.00151285930408472,0,0,0,0,0,0,0,0,0,0
"610","Taylor Cole",0.386075949367089,0.265822784810127,0,0.348101265822785,0,0,0,0,0,0,0,0,0,0
"611","Taylor Rogers",0.169390787518574,0.0609212481426449,0.36998514115899,0.0133729569093611,0.384843982169391,0,0,0,0,0.00148588410104012,0,0,0,0
"612","Taylor Williams",0.648936170212766,0.319148936170213,0,0.00303951367781155,0.027355623100304,0,0,0,0,0,0,0,0,0.00151975683890578
"613","Tayron Guerrero",0.764124293785311,0.166666666666667,0,0,0.0692090395480226,0,0,0,0,0,0,0,0,0
"614","Thomas Pannone",0.701863354037267,0,0.111801242236025,0.186335403726708,0,0,0,0,0,0,0,0,0,0
"615","Thyago Vieira",0.734848484848485,0.212121212121212,0.00757575757575758,0,0.0378787878787879,0,0,0,0,0,0,0,0,0
"616","Tim Collins",0.568181818181818,0.118181818181818,0.2,0.109090909090909,0,0,0,0,0,0,0,0,0,0.00454545454545455
"617","Tim Hill",0.36223506743738,0.242774566473988,0,0,0.233140655105973,0.146435452793834,0,0,0,0,0,0,0,0
"618","Tim Mayza",0.609022556390977,0.390977443609023,0,0,0,0,0,0,0,0,0,0,0,0
"619","Tommy Hunter",0.120588235294118,0,0.135294117647059,0,0.304411764705882,0,0,0,0,0,0,0,0,0.438235294117647
"620","Tommy Kahnle",0.572727272727273,0.0181818181818182,0,0.409090909090909,0,0,0,0,0,0,0,0,0,0
"621","Tommy La Stella",0.875,0,0.125,0,0,0,0,0,0,0,0,0,0,0
"622","Tommy Milone",0.483009708737864,0.0703883495145631,0.106796116504854,0.245145631067961,0.0946601941747573,0,0,0,0,0,0,0,0,0
"623","Tony Barnette",0.326612903225806,0,0.217741935483871,0,0.0282258064516129,0.104838709677419,0.0645161290322581,0,0,0,0,0,0,0.258064516129032
"624","Tony Cingrani",0.847826086956522,0.11304347826087,0,0.0391304347826087,0,0,0,0,0,0,0,0,0,0
"625","Tony Sipp",0.508313539192399,0.304038004750594,0,0,0.0142517814726841,0,0.166270783847981,0,0,0,0,0,0,0.00475059382422803
"626","Tony Watson",0,0.184859154929577,0,0.348591549295775,0.13556338028169,0.330985915492958,0,0,0,0,0,0,0,0
"627","Trevor Bauer",0.389105058365759,0.131322957198444,0.00389105058365759,0.0787937743190661,0.0569066147859922,0,0,0.226653696498054,0,0,0,0,0,0.11284046692607
"628","Trevor Cahill",0.0334890965732087,0,0,0.281931464174455,0.0568535825545171,0.293613707165109,0,0.13785046728972,0,0.000778816199376947,0,0,0,0.195482866043614
"629","Trevor Gott",0.508571428571429,0,0.194285714285714,0.0114285714285714,0.217142857142857,0.0685714285714286,0,0,0,0,0,0,0,0
"630","Trevor Hildenberger",0.0868306801736614,0.219971056439942,0,0.369030390738061,0.0492040520984081,0.273516642547033,0,0,0,0.00144717800289436,0,0,0,0
"631","Trevor May",0.620192307692308,0.173076923076923,0.115384615384615,0.0721153846153846,0.0192307692307692,0,0,0,0,0,0,0,0,0
"632","Trevor Oaks",0.0604395604395604,0.214285714285714,0,0.0659340659340659,0.258241758241758,0.208791208791209,0,0,0,0,0,0,0,0.192307692307692
"633","Trevor Richards",0.553269654665687,0.119764878765614,0,0.326965466568699,0,0,0,0,0,0,0,0,0,0
"634","Trevor Williams",0.539811912225705,0.149843260188088,0.00250783699059561,0.152978056426332,0.0169278996865204,0.137931034482759,0,0,0,0,0,0,0,0
"635","Ty Blach",0,0.0448717948717949,0.0886752136752137,0.326923076923077,0.263888888888889,0.27457264957265,0,0,0,0,0,0,0,0
"636","Ty Buttrey",0.623376623376623,0.194805194805195,0.012987012987013,0.168831168831169,0,0,0,0,0,0,0,0,0,0
"637","Tyler Anderson",0.391987005955604,0,0.0357336220898755,0.222523010286952,0.0541418516513265,0,0,0,0,0,0,0,0,0.294531672983216
"638","Tyler Bashlor",0.640506329113924,0.270886075949367,0.00253164556962025,0.0379746835443038,0.00253164556962025,0,0.00253164556962025,0,0,0,0,0,0,0.0430379746835443
"639","Tyler Chatwood",0.312887663680221,0,0.0682288077188146,0.0702963473466575,0.263955892487939,0,0,0,0,0,0,0,0,0.28394210889042
"640","Tyler Clippard",0.41656662665066,0,0,0.334933973589436,0,0,0.235294117647059,0,0,0,0,0,0,0
"641","Tyler Cloyd",0.331818181818182,0,0.131818181818182,0.0363636363636364,0.222727272727273,0,0,0,0,0,0,0,0,0.277272727272727
"642","Tyler Danish",0.0441176470588235,0.0367647058823529,0.411764705882353,0.110294117647059,0,0.397058823529412,0,0,0,0,0,0,0,0
"643","Tyler Duffey",0.338775510204082,0,0,0.0612244897959184,0.351020408163265,0,0,0.248979591836735,0,0,0,0,0,0
"644","Tyler Glasnow",0.729783037475345,0.11439842209073,0.146942800788955,0.0019723865877712,0.00690335305719921,0,0,0,0,0,0,0,0,0
"645","Tyler Kinley",0.948717948717949,0,0,0,0.0256410256410256,0,0,0,0,0,0,0,0,0.0256410256410256
"646","Tyler Lyons",0.276923076923077,0.576923076923077,0.0230769230769231,0.0307692307692308,0.0461538461538462,0.0461538461538462,0,0,0,0,0,0,0,0
"647","Tyler Mahle",0.706268221574344,0.177842565597668,0.00145772594752187,0.113702623906706,0,0,0,0,0,0,0,0,0,0
"648","Tyler Olson",0.398190045248869,0.0180995475113122,0.298642533936652,0.221719457013575,0.0226244343891403,0.0407239819004525,0,0,0,0,0,0,0,0
"649","Tyler Skaggs",0.448640483383686,0,0.249244712990937,0.156344410876133,0.145770392749245,0,0,0,0,0,0,0,0,0
"650","Tyler Thornburg",0.54983922829582,0,0.279742765273312,0.170418006430868,0,0,0,0,0,0,0,0,0,0
"651","Tyler Webb",0.57843137254902,0.264705882352941,0,0.156862745098039,0,0,0,0,0,0,0,0,0,0
"652","Tyson Ross",0.517486662714879,0.395969176052164,0,0.001778304682869,0.0545346769413159,0,0,0,0,0,0,0,0,0.030231179608773
"653","Victor Alcantara",0.023728813559322,0.0847457627118644,0,0.149152542372881,0.0338983050847458,0.708474576271186,0,0,0,0,0,0,0,0
"654","Victor Arano",0.199367088607595,0.542721518987342,0,0.0205696202531646,0.234177215189873,0.00158227848101266,0,0,0,0,0,0,0,0
"655","Victor Caratini",0,0.75,0.2,0,0,0,0,0,0,0,0,0,0,0
"656","Vidal Nuno",0.161048689138577,0.689138576779026,0.0262172284644195,0.123595505617978,0,0,0,0,0,0,0,0,0,0
"657","Vincent Velasquez",0.541545613015689,0.146426496223126,0.135967460778617,0.0441603718768158,0.131900058105752,0,0,0,0,0,0,0,0,0
"658","Wade Davis",0.465469613259669,0,0,0.00138121546961326,0.0151933701657459,0,0,0.214088397790055,0,0,0,0,0,0.303867403314917
"659","Wade LeBlanc",0.0842627013630731,0.0117719950433705,0.0867410161090458,0.295539033457249,0.288723667905824,0,0,0,0,0,0,0,0,0.231722428748451
"660","Wade Miley",0.155940594059406,0.0272277227722772,0.180693069306931,0.162128712871287,0.11509900990099,0,0,0,0,0,0,0,0,0.358910891089109
"661","Walker Buehler",0.429928741092637,0.201900237529691,0,0.0372129849564529,0.201900237529691,0,0,0.129057798891528,0,0,0,0,0,0
"662","Walker Lockett",0.555172413793103,0,0.224137931034483,0.189655172413793,0.0206896551724138,0,0,0,0,0,0,0,0,0.0103448275862069
"663","Wander Suero",0.0562851782363977,0,0.146341463414634,0.00562851782363977,0,0,0,0,0,0,0,0,0,0.791744840525328
"664","Wandy Peralta",0.295169946332737,0.161001788908766,0,0.31484794275492,0.228980322003578,0,0,0,0,0,0,0,0,0
"665","Warwick Saupold",0.461052631578947,0.315789473684211,0.157894736842105,0.0652631578947368,0,0,0,0,0,0,0,0,0,0
"666","Wei-Yin Chen",0.536345776031434,0.20694171578258,0.0943025540275049,0.129666011787819,0.0327439423706614,0,0,0,0,0,0,0,0,0
"667","Will Harris",0.0713073005093379,0.00509337860780985,0.383701188455009,0,0,0,0,0.00169779286926995,0,0,0,0,0,0.538200339558574
"668","Will Smith",0.450076804915515,0.384024577572965,0.150537634408602,0,0.0122887864823349,0,0,0,0,0,0,0,0,0
"669","William Cuevas",0.409090909090909,0,0.363636363636364,0.159090909090909,0.0681818181818182,0,0,0,0,0,0,0,0,0
"670","Williams Jerez",0.515337423312883,0.233128834355828,0,0.165644171779141,0.0858895705521472,0,0,0,0,0,0,0,0,0
"671","Wilmer Font",0.592715231788079,0.114238410596026,0.135761589403974,0.0745033112582782,0.0165562913907285,0.0529801324503311,0.0132450331125828,0,0,0,0,0,0,0
"672","Wily Peralta",0.32258064516129,0.379032258064516,0.0376344086021505,0.0887096774193548,0.172043010752688,0,0,0,0,0,0,0,0,0
"673","Xavier Cedeno",0,0.00246305418719212,0.334975369458128,0,0,0,0,0,0,0,0,0,0,0.657635467980296
"674","Yacksel Rios",0.221621621621622,0.283783783783784,0,0,0.494594594594595,0,0,0,0,0,0,0,0,0
"675","Yefry Ramirez",0.46951871657754,0.222459893048128,0.00962566844919786,0.267379679144385,0.00641711229946524,0,0,0,0,0,0,0,0,0.0235294117647059
"676","Yency Almonte",0.517006802721088,0.272108843537415,0,0.0204081632653061,0.0272108843537415,0,0,0,0,0,0,0,0,0.163265306122449
"677","Yimi Garcia",0.560117302052786,0.36950146627566,0.00879765395894428,0.0557184750733138,0.00586510263929619,0,0,0,0,0,0,0,0,0
"678","Yonny Chirinos",0.0938775510204082,0.16734693877551,0,0,0,0.546938775510204,0.191836734693878,0,0,0,0,0,0,0
"679","Yoshihisa Hirano",0.554929577464789,0.0028169014084507,0,0,0,0,0.442253521126761,0,0,0,0,0,0,0
"680","Yovani Gallardo",0.285181733457596,0.199440820130475,0.127679403541473,0.122087604846226,0.265610438024231,0,0,0,0,0,0,0,0,0
"681","Yu Darvish",0.363387978142077,0.101092896174863,0.0245901639344262,0.046448087431694,0.26775956284153,0,0,0,0,0,0,0,0,0.19672131147541
"682","Yusmeiro Petit",0.488713318284424,0.00112866817155756,0.152370203160271,0.194130925507901,0.00451467268623025,0,0,0,0,0,0,0,0,0.159142212189616
"683","Zac Curtis",0.641304347826087,0.21195652173913,0,0.114130434782609,0.0326086956521739,0,0,0,0,0,0,0,0,0
"684","Zac Reininger",0.625570776255708,0.223744292237443,0.127853881278539,0,0.0228310502283105,0,0,0,0,0,0,0,0,0
"685","Zac Rosscup",0.302521008403361,0.420168067226891,0,0,0.277310924369748,0,0,0,0,0,0,0,0,0
"686","Zach Britton",0.0200445434298441,0.0512249443207127,0,0,0.342984409799555,0.585746102449889,0,0,0,0,0,0,0,0
"687","Zach Davies",0.00615384615384615,0,0.0861538461538462,0.116923076923077,0.710769230769231,0,0,0,0,0,0,0,0,0.08
"688","Zach Duke",0.0172117039586919,0.172117039586919,0.237521514629948,0.132530120481928,0.230636833046472,0.209982788296041,0,0,0,0,0,0,0,0
"689","Zach Eflin",0.466799468791501,0.243027888446215,0.0703851261620186,0.0836653386454183,0.136122177954847,0,0,0,0,0,0,0,0,0
"690","Zach McAllister",0.631192660550459,0,0.207339449541284,0.0146788990825688,0.144954128440367,0,0,0,0,0,0,0,0,0
"691","Zachary Davies",0.00615384615384615,0,0.0861538461538462,0.116923076923077,0.710769230769231,0,0,0,0,0,0,0,0,0.08
"692","Zack Godley",0.00393037619314992,0,0.021336327905671,0.0696238068500842,0.0656934306569343,0.237507018528916,0,0.373385738349242,0,0.000561482313307131,0,0,0,0.227961819202695
"693","Zack Greinke",0.438131921039961,0.163216177178623,0.0881078478574868,0.220991815117959,0.0476649012999519,0,0,0,0,0,0,0.0418873375060183,0,0
"694","Zack Littell",0.692982456140351,0,0.114035087719298,0.0526315789473684,0.0789473684210526,0,0,0,0,0,0,0,0,0.0614035087719298
"695","Zack Wheeler",0.445662100456621,0.193607305936073,0.0995433789954338,0,0.138812785388128,0,0.122374429223744,0,0,0,0,0,0,0
