launch_angle,launch_speed,Angle,Single,Double,Triple,out
-25,20,2,0,0,0,1
-25,30,1,0,0,0,1
-25,30,3,0,0,0,1
-25,30,5,1,0,0,0
-25,35,1,0,0,0,1
-25,35,2,0.25,0,0,0.75
-25,35,3,0,0,0,1
-25,35,4,0.285714286,0,0,0.714285714
-25,35,5,0.6,0,0,0.4
-25,40,2,0.166666667,0,0,0.833333333
-25,40,3,0,0,0,1
-25,40,4,0.375,0,0,0.625
-25,40,5,0.125,0,0,0.875
-25,45,1,0,0,0,1
-25,45,2,0.25,0,0,0.75
-25,45,3,0.111111111,0,0,0.888888889
-25,45,4,0.166666667,0,0,0.833333333
-25,45,5,0.333333333,0,0,0.666666667
-25,50,1,0,0,0,1
-25,50,2,0.25,0,0,0.75
-25,50,3,0,0,0,1
-25,50,4,0.133333333,0.066666667,0,0.8
-25,50,5,0,0,0,1
-25,55,1,0,0,0,1
-25,55,2,0,0,0,1
-25,55,3,0.095238095,0,0,0.904761905
-25,55,4,0.130434783,0,0,0.869565217
-25,55,5,0.071428571,0,0,0.928571429
-25,60,1,0,0,0,1
-25,60,2,0.032258065,0,0,0.967741935
-25,60,3,0.052631579,0,0,0.947368421
-25,60,4,0.114285714,0,0,0.885714286
-25,60,5,0.035714286,0,0,0.964285714
-25,65,1,0.027027027,0,0,0.972972973
-25,65,2,0,0.018181818,0,0.981818182
-25,65,3,0.042553191,0,0,0.957446809
-25,65,4,0.084337349,0,0,0.915662651
-25,65,5,0,0,0,1
-25,70,1,0.02,0,0,0.98
-25,70,2,0.061728395,0.024691358,0,0.913580247
-25,70,3,0.050847458,0,0,0.949152542
-25,70,4,0.045977011,0.011494253,0,0.942528736
-25,70,5,0.016129032,0.032258065,0,0.951612903
-25,75,1,0.044444444,0,0,0.955555556
-25,75,2,0,0.012987013,0,0.987012987
-25,75,3,0.119047619,0,0,0.880952381
-25,75,4,0.075471698,0,0,0.924528302
-25,75,5,0.03125,0,0,0.96875
-25,80,1,0,0.064516129,0,0.935483871
-25,80,2,0.022988506,0,0,0.977011494
-25,80,3,0.053571429,0,0,0.946428571
-25,80,4,0.049295775,0,0,0.950704225
-25,80,5,0.052631579,0.035087719,0,0.912280702
-25,85,1,0.166666667,0,0,0.833333333
-25,85,2,0.064516129,0,0,0.935483871
-25,85,3,0.148148148,0,0,0.851851852
-25,85,4,0.092105263,0,0,0.907894737
-25,85,5,0.024390244,0,0,0.975609756
-25,90,1,0.083333333,0,0,0.916666667
-25,90,2,0.066666667,0,0,0.933333333
-25,90,3,0.142857143,0,0,0.857142857
-25,90,4,0.06875,0,0,0.93125
-25,90,5,0.083333333,0,0,0.916666667
-25,95,1,0,0,0,1
-25,95,2,0.071428571,0,0,0.928571429
-25,95,3,0.2125,0,0,0.7875
-25,95,4,0.092436975,0,0,0.907563025
-25,95,5,0,0,0,1
-25,100,1,0,0,0,1
-25,100,2,0.178571429,0,0,0.821428571
-25,100,3,0.285714286,0,0,0.714285714
-25,100,4,0.075,0,0,0.925
-25,100,5,0.333333333,0.333333333,0,0.333333333
-25,105,1,0.368421053,0,0,0.631578947
-25,105,2,0,0,0,1
-25,105,3,0.368421053,0,0,0.631578947
-25,105,4,0.153846154,0,0,0.846153846
-25,105,5,1,0,0,0
-25,110,1,0,0,0,1
-25,110,2,0,0,0,1
-25,110,3,0.2,0,0,0.8
-25,110,4,0.5,0,0,0.5
-25,110,5,0.5,0,0,0.5
-25,115,1,0.75,0,0,0.25
-25,115,2,0.75,0,0,0.25
-25,115,3,0.75,0,0,0.25
-25,115,4,0.75,0,0,0.25
-25,115,5,0.75,0,0,0.25
-25,120,1,0.75,0,0,0.25
-25,120,2,0.75,0,0,0.25
-25,120,3,0.75,0,0,0.25
-25,120,4,0.75,0,0,0.25
-25,120,5,0.75,0,0,0.25
-20,10,4,0,0,0,1
-20,20,2,1,0,0,0
-20,25,1,0,0,0,1
-20,25,2,0,0,0,1
-20,25,5,0,0,0,1
-20,30,2,0,0,0,1
-20,35,2,0.666666667,0,0,0.333333333
-20,35,3,0,0,0,1
-20,35,4,0.5,0,0,0.5
-20,35,5,0.5,0,0,0.5
-20,40,1,0,0,0,1
-20,40,2,0,0,0,1
-20,40,3,0,0,0,1
-20,40,4,0.25,0,0,0.75
-20,40,5,0,0,0,1
-20,45,1,0,0,0,1
-20,45,2,0.076923077,0.076923077,0,0.846153846
-20,45,3,0.1,0,0,0.9
-20,45,4,0.333333333,0,0,0.666666667
-20,45,5,0.25,0,0,0.75
-20,50,1,0,0,0,1
-20,50,2,0,0,0,1
-20,50,3,0,0,0,1
-20,50,4,0,0,0,1
-20,50,5,0,0,0,1
-20,55,1,0,0,0,1
-20,55,2,0,0,0,1
-20,55,3,0.066666667,0,0,0.933333333
-20,55,4,0.086956522,0,0,0.913043478
-20,55,5,0.133333333,0,0,0.866666667
-20,60,1,0,0,0,1
-20,60,2,0,0,0,1
-20,60,3,0.0625,0,0,0.9375
-20,60,4,0.033333333,0,0,0.966666667
-20,60,5,0,0,0,1
-20,65,1,0,0,0,1
-20,65,2,0,0,0,1
-20,65,3,0.023809524,0,0,0.976190476
-20,65,4,0.052631579,0,0,0.947368421
-20,65,5,0.081081081,0,0,0.918918919
-20,70,1,0.015151515,0,0,0.984848485
-20,70,2,0,0,0,1
-20,70,3,0.078431373,0,0,0.921568627
-20,70,4,0.043859649,0,0,0.956140351
-20,70,5,0.018867925,0.018867925,0,0.962264151
-20,75,1,0.088888889,0,0,0.911111111
-20,75,2,0,0,0,1
-20,75,3,0.102564103,0,0,0.897435897
-20,75,4,0.071428571,0,0,0.928571429
-20,75,5,0.058823529,0,0,0.941176471
-20,80,1,0.046511628,0,0,0.953488372
-20,80,2,0.054794521,0,0,0.945205479
-20,80,3,0.033898305,0,0,0.966101695
-20,80,4,0.06,0.006666667,0,0.933333333
-20,80,5,0.015384615,0.015384615,0,0.969230769
-20,85,1,0.013333333,0.001481481,0,0.985185185
-20,85,2,0.00288517,0,0,0.99711483
-20,85,3,0.007079646,0,0,0.992920354
-20,85,4,0.005896806,0.0004914,0,0.993611794
-20,85,5,0.010430248,0,0,0.989569752
-20,90,1,0.088235294,0,0,0.911764706
-20,90,2,0.069230769,0.007692308,0,0.923076923
-20,90,3,0.215384615,0.007692308,0,0.776923077
-20,90,4,0.128865979,0,0,0.871134021
-20,90,5,0.157894737,0,0,0.842105263
-20,95,1,0.125,0,0,0.875
-20,95,2,0.105769231,0,0,0.894230769
-20,95,3,0.239583333,0,0,0.760416667
-20,95,4,0.144329897,0.005154639,0,0.850515464
-20,95,5,0.066666667,0.066666667,0,0.866666667
-20,100,1,0.222222222,0,0,0.777777778
-20,100,2,0.111111111,0,0,0.888888889
-20,100,3,0.3,0,0,0.7
-20,100,4,0.093457944,0,0,0.906542056
-20,100,5,0,0.2,0,0.8
-20,105,1,1,0,0,0
-20,105,2,0.133333333,0,0,0.866666667
-20,105,3,0.325581395,0,0,0.674418605
-20,105,4,0.125,0,0,0.875
-20,105,5,0.666666667,0,0,0.333333333
-20,110,1,0,0,0,1
-20,110,2,0.5,0,0,0.5
-20,110,3,0.7,0,0,0.3
-20,110,4,0.142857143,0,0,0.857142857
-20,110,5,0.142857143,0,0,0.857142857
-20,115,1,0.75,0,0,0.25
-20,115,2,0.75,0,0,0.25
-20,115,3,0.75,0,0,0.25
-20,115,4,0.75,0,0,0.25
-20,115,5,0.75,0,0,0.25
-20,120,1,0.75,0,0,0.25
-20,120,2,0.75,0,0,0.25
-20,120,3,0.75,0,0,0.25
-20,120,4,0.75,0,0,0.25
-20,120,5,0.75,0,0,0.25
-15,10,3,0,0,0,1
-15,15,1,0,0,0,1
-15,15,2,0,0,0,1
-15,25,3,0,0,0,1
-15,25,5,0,0,0,1
-15,30,2,0,0,0,1
-15,30,3,0,0,0,1
-15,30,5,0,0,0,1
-15,35,1,0,0,0,1
-15,35,2,0.333333333,0,0,0.666666667
-15,35,3,0,0,0,1
-15,35,4,0.5,0,0,0.5
-15,40,1,0,0,0,1
-15,40,2,0.5,0,0,0.5
-15,40,3,0,0,0,1
-15,40,4,0.142857143,0,0,0.857142857
-15,40,5,0.5,0,0,0.5
-15,45,1,0,0,0,1
-15,45,2,0.333333333,0,0,0.666666667
-15,45,3,0,0,0,1
-15,45,4,0.25,0,0,0.75
-15,45,5,0,0,0,1
-15,50,1,0,0,0,1
-15,50,2,0,0,0,1
-15,50,3,0.1,0,0,0.9
-15,50,4,0.125,0,0,0.875
-15,50,5,0.166666667,0,0,0.833333333
-15,55,1,0,0,0,1
-15,55,2,0.071428571,0,0,0.928571429
-15,55,3,0.090909091,0,0,0.909090909
-15,55,4,0,0,0,1
-15,55,5,0,0,0,1
-15,60,1,0,0,0,1
-15,60,2,0.1,0,0,0.9
-15,60,3,0.206896552,0,0,0.793103448
-15,60,4,0.076923077,0,0,0.923076923
-15,60,5,0.083333333,0,0,0.916666667
-15,65,1,0.05,0,0,0.95
-15,65,2,0.051724138,0.017241379,0,0.931034483
-15,65,3,0.023809524,0,0,0.976190476
-15,65,4,0.054545455,0,0,0.945454545
-15,65,5,0.041666667,0,0,0.958333333
-15,70,1,0.027777778,0,0,0.972222222
-15,70,2,0.063291139,0,0,0.936708861
-15,70,3,0.112903226,0,0,0.887096774
-15,70,4,0.069306931,0.00990099,0,0.920792079
-15,70,5,0.032258065,0,0,0.967741935
-15,75,1,0.043478261,0.02173913,0,0.934782609
-15,75,2,0.064102564,0,0,0.935897436
-15,75,3,0.074626866,0,0,0.925373134
-15,75,4,0.064814815,0.018518519,0,0.916666667
-15,75,5,0.044444444,0,0,0.955555556
-15,80,1,0.153846154,0,0,0.846153846
-15,80,2,0.077777778,0,0,0.922222222
-15,80,3,0.092307692,0,0,0.907692308
-15,80,4,0.098484848,0,0,0.901515152
-15,80,5,0.055555556,0,0,0.944444444
-15,85,1,0.08,0.02,0,0.9
-15,85,2,0.092436975,0,0,0.907563025
-15,85,3,0.154639175,0,0,0.845360825
-15,85,4,0.112359551,0.005617978,0,0.882022472
-15,85,5,0.046511628,0.023255814,0,0.930232558
-15,90,1,0.768595041,0.041322314,0,0.190082645
-15,90,2,0.575301205,0.015060241,0,0.409638554
-15,90,3,0.695156695,0.008547009,0,0.296296296
-15,90,4,0.68273717,0.018662519,0,0.298600311
-15,90,5,0.773076923,0.042307692,0,0.184615385
-15,95,1,0.233333333,0,0,0.766666667
-15,95,2,0.073333333,0,0,0.926666667
-15,95,3,0.25,0,0,0.75
-15,95,4,0.117117117,0.009009009,0,0.873873874
-15,95,5,0.177777778,0,0,0.822222222
-15,100,1,0.36,0,0,0.64
-15,100,2,0.147286822,0,0,0.852713178
-15,100,3,0.290502793,0,0,0.709497207
-15,100,4,0.134831461,0,0,0.865168539
-15,100,5,0.125,0,0,0.875
-15,105,1,0.25,0,0,0.75
-15,105,2,0.088235294,0,0,0.911764706
-15,105,3,0.356321839,0.011494253,0,0.632183908
-15,105,4,0.170731707,0,0,0.829268293
-15,105,5,0.5,0.25,0,0.25
-15,110,1,0.5,0,0,0.5
-15,110,2,0.272727273,0,0,0.727272727
-15,110,3,0.454545455,0,0,0.545454545
-15,110,4,0.071428571,0,0,0.928571429
-15,110,5,0.071428571,0,0,0.928571429
-15,115,1,0.75,0,0,0.25
-15,115,2,0.75,0,0,0.25
-15,115,3,0.75,0,0,0.25
-15,115,4,0.75,0,0,0.25
-15,115,5,0.75,0,0,0.25
-15,120,1,0.75,0,0,0.25
-15,120,2,0.75,0,0,0.25
-15,120,3,0.75,0,0,0.25
-15,120,4,0.75,0,0,0.25
-15,120,5,0.75,0,0,0.25
-10,15,5,0,0,0,1
-10,25,3,0,0,0,1
-10,30,1,0,0,0,1
-10,30,4,0,0,0,1
-10,35,2,0,0,0,1
-10,35,3,0,0,0,1
-10,35,4,0.2,0,0,0.8
-10,35,5,0.5,0,0,0.5
-10,40,1,0,0,0,1
-10,40,2,0.5,0,0,0.5
-10,40,3,0,0,0,1
-10,40,4,0.6,0,0,0.4
-10,40,5,1,0,0,0
-10,45,1,0,0,0,1
-10,45,2,0,0,0,1
-10,45,3,0.2,0,0,0.8
-10,45,4,0.25,0,0,0.75
-10,45,5,0,0,0,1
-10,50,1,0,0,0,1
-10,50,2,0.071428571,0,0,0.928571429
-10,50,3,0.142857143,0,0,0.857142857
-10,50,4,0.181818182,0,0,0.818181818
-10,50,5,0.5,0,0,0.5
-10,55,1,0,0,0,1
-10,55,2,0,0,0,1
-10,55,3,0,0,0,1
-10,55,4,0.25,0,0,0.75
-10,55,5,0,0,0,1
-10,60,1,0,0,0,1
-10,60,2,0,0,0,1
-10,60,3,0.15,0,0,0.85
-10,60,4,0.045454545,0,0,0.954545455
-10,60,5,0,0,0,1
-10,65,1,0,0,0,1
-10,65,2,0.121212121,0,0,0.878787879
-10,65,3,0.027777778,0,0,0.972222222
-10,65,4,0.051282051,0.025641026,0,0.923076923
-10,65,5,0,0,0,1
-10,70,1,0.041666667,0,0,0.958333333
-10,70,2,0.042253521,0,0,0.957746479
-10,70,3,0.034482759,0,0,0.965517241
-10,70,4,0.089108911,0.00990099,0,0.900990099
-10,70,5,0.037037037,0,0,0.962962963
-10,75,1,0.034482759,0,0,0.965517241
-10,75,2,0.020618557,0.010309278,0,0.969072165
-10,75,3,0.163636364,0,0,0.836363636
-10,75,4,0.069230769,0,0,0.930769231
-10,75,5,0.02173913,0,0,0.97826087
-10,80,1,0.078947368,0,0,0.921052632
-10,80,2,0.060344828,0,0,0.939655172
-10,80,3,0.125,0.011363636,0,0.863636364
-10,80,4,0.098360656,0,0,0.901639344
-10,80,5,0.046511628,0.023255814,0,0.930232558
-10,85,1,0.159090909,0,0,0.840909091
-10,85,2,0.097345133,0,0,0.902654867
-10,85,3,0.224489796,0,0,0.775510204
-10,85,4,0.082840237,0,0,0.917159763
-10,85,5,0.162790698,0.023255814,0,0.813953488
-10,90,1,0.129032258,0,0,0.870967742
-10,90,2,0.117283951,0.00617284,0,0.87654321
-10,90,3,0.258503401,0,0,0.741496599
-10,90,4,0.135,0.01,0,0.855
-10,90,5,0.111111111,0,0,0.888888889
-10,95,1,0.25,0.041666667,0.041666667,0.666666667
-10,95,2,0.178403756,0.009389671,0,0.812206573
-10,95,3,0.322429907,0.004672897,0,0.672897196
-10,95,4,0.172794118,0.003676471,0,0.823529412
-10,95,5,0.142857143,0.031746032,0,0.825396825
-10,100,1,0.407407407,0,0,0.592592593
-10,100,2,0.148148148,0.005291005,0,0.846560847
-10,100,3,0.411149826,0.003484321,0,0.585365854
-10,100,4,0.212598425,0.003937008,0,0.783464567
-10,100,5,0.267857143,0,0,0.732142857
-10,105,1,0.44,0,0,0.56
-10,105,2,0.207207207,0,0,0.792792793
-10,105,3,0.476470588,0,0,0.523529412
-10,105,4,0.224358974,0.006410256,0,0.769230769
-10,105,5,0.291666667,0.041666667,0,0.666666667
-10,110,1,0.8,0,0,0.2
-10,110,2,0.4,0,0,0.6
-10,110,3,0.536585366,0,0,0.463414634
-10,110,4,0.263157895,0,0,0.736842105
-10,110,5,0.230769231,0.076923077,0,0.692307692
-10,115,1,1,0,0,0
-10,115,2,0,0.5,0,0.5
-10,115,3,1,0,0,0
-10,115,4,0,0,0,1
-10,115,5,0.5,0,0,0.5
-10,120,1,0.75,0,0,0.25
-10,120,2,0.75,0,0,0.25
-10,120,3,0.75,0,0,0.25
-10,120,4,0.75,0,0,0.25
-10,120,5,0.75,0,0,0.25
-5,20,1,0,0,0,1
-5,25,1,0,0,0,1
-5,25,2,0,0,0,1
-5,25,3,0,0,0,1
-5,30,2,0,0,0,1
-5,30,4,0,0,0,1
-5,35,1,0,0,0,1
-5,35,2,0,0,0,1
-5,35,3,1,0,0,0
-5,35,4,1,0,0,0
-5,35,5,1,0,0,0
-5,40,1,0,0,0,1
-5,40,2,0,0,0,1
-5,40,3,1,0,0,0
-5,40,4,0.5,0,0,0.5
-5,40,5,1,0,0,0
-5,45,1,1,0,0,0
-5,45,2,0,0,0,1
-5,45,3,0,0,0,1
-5,45,4,0,0,0,1
-5,45,5,0.333333333,0,0,0.666666667
-5,50,1,0,0,0,1
-5,50,2,0.428571429,0,0,0.571428571
-5,50,3,0.2,0,0,0.8
-5,50,4,0.142857143,0,0,0.857142857
-5,55,1,0.2,0,0,0.8
-5,55,2,0.083333333,0,0,0.916666667
-5,55,3,0.071428571,0,0,0.928571429
-5,55,4,0,0,0,1
-5,55,5,0,0,0,1
-5,60,1,0,0,0,1
-5,60,2,0.105263158,0,0,0.894736842
-5,60,3,0,0,0,1
-5,60,4,0.227272727,0,0,0.772727273
-5,60,5,0.125,0,0,0.875
-5,65,1,0.076923077,0,0,0.923076923
-5,65,2,0.064516129,0,0,0.935483871
-5,65,3,0.034482759,0,0,0.965517241
-5,65,4,0.065217391,0,0,0.934782609
-5,65,5,0.153846154,0,0,0.846153846
-5,70,1,0,0.047619048,0,0.952380952
-5,70,2,0.070422535,0,0,0.929577465
-5,70,3,0.072727273,0,0,0.927272727
-5,70,4,0.101123596,0,0,0.898876404
-5,70,5,0.074074074,0.037037037,0,0.888888889
-5,75,1,0.105263158,0,0,0.894736842
-5,75,2,0.03125,0.010416667,0,0.958333333
-5,75,3,0.205479452,0,0,0.794520548
-5,75,4,0.083969466,0.030534351,0,0.885496183
-5,75,5,0,0.028571429,0,0.971428571
-5,80,1,0.133333333,0,0,0.866666667
-5,80,2,0.126436782,0,0,0.873563218
-5,80,3,0.269662921,0,0,0.730337079
-5,80,4,0.0859375,0.0234375,0,0.890625
-5,80,5,0.046875,0,0,0.953125
-5,85,1,0.103896104,0.012987013,0,0.883116883
-5,85,2,0.126126126,0,0,0.873873874
-5,85,3,0.274193548,0.008064516,0,0.717741935
-5,85,4,0.158227848,0,0,0.841772152
-5,85,5,0.102040816,0,0,0.897959184
-5,90,1,0.19047619,0.015873016,0,0.793650794
-5,90,2,0.148571429,0.005714286,0,0.845714286
-5,90,3,0.414634146,0,0,0.585365854
-5,90,4,0.181818182,0.009090909,0,0.809090909
-5,90,5,0.106666667,0.04,0,0.853333333
-5,95,1,0.228571429,0.00952381,0,0.761904762
-5,95,2,0.219512195,0.012195122,0,0.768292683
-5,95,3,0.442060086,0,0,0.557939914
-5,95,4,0.265384615,0.023076923,0,0.711538462
-5,95,5,0.151515152,0.01010101,0.01010101,0.828282828
-5,100,1,0.347368421,0.021052632,0,0.631578947
-5,100,2,0.244755245,0.003496503,0.006993007,0.744755245
-5,100,3,0.547619048,0.010204082,0,0.442176871
-5,100,4,0.293447293,0.008547009,0,0.698005698
-5,100,5,0.236842105,0.026315789,0,0.736842105
-5,105,1,0.392156863,0,0,0.607843137
-5,105,2,0.262032086,0.010695187,0,0.727272727
-5,105,3,0.584,0.008,0,0.408
-5,105,4,0.26171875,0.01953125,0,0.71875
-5,105,5,0.317073171,0,0,0.682926829
-5,110,1,0.294117647,0.058823529,0,0.647058824
-5,110,2,0.28125,0,0,0.71875
-5,110,3,0.64,0,0,0.36
-5,110,4,0.303370787,0.011235955,0,0.685393258
-5,110,5,0.275862069,0,0,0.724137931
-5,115,1,0.333333333,0,0,0.666666667
-5,115,2,0.25,0,0,0.75
-5,115,3,0.714285714,0.142857143,0,0.142857143
-5,115,4,0,0,0,1
-5,115,5,0.75,0,0,0.25
-5,120,1,0.75,0,0,0.25
-5,120,2,0.75,0,0,0.25
-5,120,3,0.75,0,0,0.25
-5,120,4,0.75,0,0,0.25
-5,120,5,0.75,0,0,0.25
0,30,2,0,0,0,1
0,30,3,0,0,0,1
0,30,4,0.5,0,0,0.5
0,35,2,0,0,0,1
0,35,3,0,0,0,1
0,35,4,0,0,0,1
0,35,5,0,0,0,1
0,40,2,0.2,0,0,0.8
0,40,3,0.2,0,0,0.8
0,40,4,0.333333333,0,0,0.666666667
0,40,5,0,0,0,1
0,45,1,0,0,0,1
0,45,2,0,0,0,1
0,45,3,0,0,0,1
0,45,4,0,0,0,1
0,45,5,0.333333333,0,0,0.666666667
0,50,1,0,0,0,1
0,50,2,0.111111111,0,0,0.888888889
0,50,3,0.25,0,0,0.75
0,50,4,0,0,0,1
0,50,5,0,0,0,1
0,55,1,0,0,0,1
0,55,2,0.076923077,0,0,0.923076923
0,55,3,0.235294118,0,0,0.764705882
0,55,4,0.083333333,0,0,0.916666667
0,55,5,0,0,0,1
0,60,1,0,0,0,1
0,60,2,0.066666667,0,0,0.933333333
0,60,3,0.055555556,0,0,0.944444444
0,60,4,0.041666667,0,0,0.958333333
0,60,5,0,0,0,1
0,65,1,0,0,0,1
0,65,2,0.125,0,0,0.875
0,65,3,0.052631579,0,0,0.947368421
0,65,4,0.1,0,0,0.9
0,65,5,0,0,0,1
0,70,1,0.1875,0,0,0.8125
0,70,2,0.103448276,0,0,0.896551724
0,70,3,0.111111111,0.015873016,0,0.873015873
0,70,4,0.052083333,0.020833333,0,0.927083333
0,70,5,0.066666667,0,0,0.933333333
0,75,1,0.078947368,0,0,0.921052632
0,75,2,0.105769231,0,0,0.894230769
0,75,3,0.225490196,0,0,0.774509804
0,75,4,0.129770992,0,0,0.870229008
0,75,5,0.058823529,0.019607843,0,0.921568627
0,80,1,0.184615385,0,0,0.815384615
0,80,2,0.120967742,0.008064516,0,0.870967742
0,80,3,0.381679389,0,0,0.618320611
0,80,4,0.167701863,0.00621118,0,0.826086957
0,80,5,0.14516129,0,0,0.85483871
0,85,1,0.225806452,0.016129032,0,0.758064516
0,85,2,0.173913043,0.01863354,0,0.807453416
0,85,3,0.462121212,0,0,0.537878788
0,85,4,0.244318182,0.017045455,0,0.738636364
0,85,5,0.150537634,0,0.010752688,0.838709677
0,90,1,0.313131313,0.01010101,0,0.676767677
0,90,2,0.223300971,0.004854369,0,0.77184466
0,90,3,0.548387097,0,0,0.451612903
0,90,4,0.267148014,0.02166065,0,0.711191336
0,90,5,0.119266055,0.027522936,0.009174312,0.844036697
0,95,1,0.379562044,0.02189781,0,0.598540146
0,95,2,0.3125,0.009868421,0,0.677631579
0,95,3,0.60625,0.00625,0,0.3875
0,95,4,0.362903226,0.010752688,0,0.626344086
0,95,5,0.260504202,0.042016807,0,0.697478992
0,100,1,0.450704225,0,0.007042254,0.542253521
0,100,2,0.373433584,0.002506266,0,0.62406015
0,100,3,0.648379052,0.004987531,0,0.346633416
0,100,4,0.350446429,0.015625,0,0.633928571
0,100,5,0.265306122,0.013605442,0,0.721088435
0,105,1,0.559322034,0.016949153,0,0.423728814
0,105,2,0.40167364,0,0,0.59832636
0,105,3,0.669902913,0.006472492,0,0.323624595
0,105,4,0.40166205,0.008310249,0,0.590027701
0,105,5,0.342342342,0.027027027,0,0.630630631
0,110,1,0.432432432,0,0,0.567567568
0,110,2,0.534090909,0.011363636,0,0.454545455
0,110,3,0.69047619,0,0,0.30952381
0,110,4,0.49382716,0.012345679,0,0.49382716
0,110,5,0.32,0,0,0.68
0,115,1,1,0,0,0
0,115,2,0.625,0,0,0.375
0,115,3,0.583333333,0,0,0.416666667
0,115,4,0.727272727,0,0,0.272727273
0,115,5,0.5,0,0,0.5
0,120,1,0.75,0,0,0.25
0,120,2,0.75,0,0,0.25
0,120,3,0.75,0,0,0.25
0,120,4,0.75,0,0,0.25
0,120,5,0.75,0,0,0.25
5,15,2,0,0,0,1
5,20,3,0,0,0,1
5,25,5,1,0,0,0
5,30,1,0,0,0,1
5,30,2,1,0,0,0
5,35,1,0,0,0,1
5,35,2,0,0,0,1
5,35,5,1,0,0,0
5,40,1,0,0,0,1
5,40,2,0,0,0,1
5,40,4,0.25,0,0,0.75
5,40,5,0.5,0,0,0.5
5,45,1,0,0,0,1
5,45,2,0.333333333,0,0,0.666666667
5,45,3,1,0,0,0
5,45,4,0.333333333,0,0,0.666666667
5,45,5,0,0,0,1
5,50,1,0.25,0,0,0.75
5,50,2,0,0,0,1
5,50,3,0.142857143,0,0,0.857142857
5,50,4,0.125,0,0,0.875
5,50,5,0,0,0,1
5,55,1,0,0.333333333,0,0.666666667
5,55,2,0.117647059,0,0,0.882352941
5,55,3,0.058823529,0,0,0.941176471
5,55,4,0,0,0,1
5,55,5,0.166666667,0,0,0.833333333
5,60,1,0.125,0,0,0.875
5,60,2,0.130434783,0.043478261,0,0.826086957
5,60,3,0.076923077,0,0,0.923076923
5,60,4,0.058823529,0,0,0.941176471
5,60,5,0.076923077,0,0,0.923076923
5,65,1,0,0,0,1
5,65,2,0.05,0,0,0.95
5,65,3,0.147058824,0,0,0.852941176
5,65,4,0.102040816,0,0,0.897959184
5,65,5,0.384615385,0,0,0.615384615
5,70,1,0.208333333,0.083333333,0,0.708333333
5,70,2,0.208791209,0,0,0.791208791
5,70,3,0.202702703,0,0,0.797297297
5,70,4,0.173913043,0,0,0.826086957
5,70,5,0.130434783,0,0,0.869565217
5,75,1,0.352941176,0,0,0.647058824
5,75,2,0.215686275,0,0.009803922,0.774509804
5,75,3,0.336538462,0,0,0.663461538
5,75,4,0.17721519,0.012658228,0,0.810126582
5,75,5,0.023809524,0,0,0.976190476
5,80,1,0.307692308,0,0,0.692307692
5,80,2,0.202702703,0.027027027,0,0.77027027
5,80,3,0.467105263,0,0,0.532894737
5,80,4,0.224719101,0.016853933,0,0.758426966
5,80,5,0.272727273,0.03030303,0,0.696969697
5,85,1,0.337209302,0.011627907,0.011627907,0.639534884
5,85,2,0.375,0.007352941,0.007352941,0.610294118
5,85,3,0.589403974,0,0,0.410596026
5,85,4,0.415841584,0.034653465,0,0.54950495
5,85,5,0.181818182,0.03030303,0,0.787878788
5,90,1,0.333333333,0.032258065,0,0.634408602
5,90,2,0.378854626,0.008810573,0,0.612334802
5,90,3,0.647058824,0,0,0.352941176
5,90,4,0.391143911,0.036900369,0.003690037,0.568265683
5,90,5,0.326732673,0.02970297,0,0.643564356
5,95,1,0.514084507,0.049295775,0.007042254,0.429577465
5,95,2,0.431677019,0.00931677,0.00310559,0.555900621
5,95,3,0.619047619,0.00280112,0,0.378151261
5,95,4,0.459798995,0.020100503,0,0.520100503
5,95,5,0.381294964,0.021582734,0,0.597122302
5,100,1,0.53038674,0.044198895,0.005524862,0.419889503
5,100,2,0.468292683,0.026829268,0,0.504878049
5,100,3,0.703056769,0.017467249,0,0.279475983
5,100,4,0.478165939,0.034934498,0,0.486899563
5,100,5,0.460674157,0.033707865,0,0.505617978
5,105,1,0.551020408,0.074829932,0.013605442,0.360544218
5,105,2,0.515358362,0.023890785,0.006825939,0.453924915
5,105,3,0.756756757,0.013513514,0,0.22972973
5,105,4,0.507894737,0.057894737,0,0.434210526
5,105,5,0.529411765,0.071895425,0,0.39869281
5,110,1,0.477272727,0.204545455,0.022727273,0.295454545
5,110,2,0.520833333,0.020833333,0,0.458333333
5,110,3,0.65942029,0.050724638,0.007246377,0.282608696
5,110,4,0.533707865,0.073033708,0,0.393258427
5,110,5,0.528571429,0.071428571,0,0.4
5,115,1,0.75,0,0,0.25
5,115,2,0.4,0.4,0,0.2
5,115,3,0.846153846,0.076923077,0,0.076923077
5,115,4,0.588235294,0.235294118,0,0.176470588
5,115,5,0.777777778,0,0,0.222222222
5,120,1,0.75,0,0,0.25
5,120,2,0.75,0,0,0.25
5,120,3,0.75,0,0,0.25
5,120,4,0.75,0,0,0.25
5,120,5,0.75,0,0,0.25
10,25,2,0,0,0,1
10,25,4,0,1,0,0
10,30,5,0,0,0,1
10,35,1,0,0,0,1
10,35,2,0,0,0,1
10,35,3,1,0,0,0
10,35,4,0,0,0,1
10,40,1,0,0,0,1
10,40,2,0.333333333,0,0,0.666666667
10,40,4,0,0,0,1
10,40,5,0,0,0,1
10,45,1,0,0,0,1
10,45,2,0.25,0,0,0.75
10,45,3,0.25,0,0,0.75
10,45,4,0.2,0,0,0.8
10,45,5,0.2,0,0,0.8
10,50,1,0,0,0,1
10,50,2,0,0,0,1
10,50,3,0.142857143,0,0,0.857142857
10,50,4,0.111111111,0,0,0.888888889
10,50,5,0,0,0,1
10,55,1,0,0,0,1
10,55,2,0.076923077,0,0,0.923076923
10,55,3,0.086956522,0,0,0.913043478
10,55,4,0.142857143,0,0,0.857142857
10,55,5,0.2,0,0,0.8
10,60,1,0.1,0,0,0.9
10,60,2,0.181818182,0,0,0.818181818
10,60,3,0.086956522,0,0,0.913043478
10,60,4,0.214285714,0.035714286,0,0.75
10,60,5,0.285714286,0,0,0.714285714
10,65,1,0.214285714,0,0,0.785714286
10,65,2,0.175,0,0,0.825
10,65,3,0.184210526,0,0,0.815789474
10,65,4,0.145833333,0.020833333,0,0.833333333
10,65,5,0.111111111,0,0,0.888888889
10,70,1,0.380952381,0,0,0.619047619
10,70,2,0.266666667,0.011111111,0,0.722222222
10,70,3,0.388235294,0,0,0.611764706
10,70,4,0.228571429,0.019047619,0,0.752380952
10,70,5,0.137931034,0.034482759,0,0.827586207
10,75,1,0.243902439,0,0,0.756097561
10,75,2,0.284210526,0,0,0.715789474
10,75,3,0.522058824,0,0,0.477941176
10,75,4,0.307086614,0.023622047,0,0.669291339
10,75,5,0.173913043,0.02173913,0,0.804347826
10,80,1,0.428571429,0,0,0.571428571
10,80,2,0.3828125,0,0,0.6171875
10,80,3,0.654929577,0.007042254,0,0.338028169
10,80,4,0.419161677,0.005988024,0,0.574850299
10,80,5,0.426470588,0.044117647,0,0.529411765
10,85,1,0.455696203,0.037974684,0,0.506329114
10,85,2,0.58490566,0.006289308,0.006289308,0.402515723
10,85,3,0.682692308,0.004807692,0,0.3125
10,85,4,0.489690722,0.015463918,0,0.494845361
10,85,5,0.552631579,0.026315789,0,0.421052632
10,90,1,0.603960396,0.118811881,0.00990099,0.267326733
10,90,2,0.580357143,0.03125,0,0.388392857
10,90,3,0.782442748,0.007633588,0,0.209923664
10,90,4,0.64028777,0.025179856,0,0.334532374
10,90,5,0.657407407,0.046296296,0,0.296296296
10,95,1,0.615384615,0.167832168,0.006993007,0.20979021
10,95,2,0.695652174,0.023411371,0.003344482,0.277591973
10,95,3,0.821808511,0.031914894,0.002659574,0.143617021
10,95,4,0.725,0.03125,0,0.24375
10,95,5,0.6,0.118518519,0,0.281481481
10,100,1,0.62962963,0.195767196,0.015873016,0.158730159
10,100,2,0.698067633,0.082125604,0.014492754,0.20531401
10,100,3,0.786915888,0.059813084,0.009345794,0.143925234
10,100,4,0.699769053,0.090069284,0.004618938,0.205542725
10,100,5,0.637305699,0.124352332,0,0.238341969
10,105,1,0.617391304,0.260869565,0.017391304,0.104347826
10,105,2,0.662337662,0.107142857,0.022727273,0.207792208
10,105,3,0.756097561,0.081300813,0.005420054,0.157181572
10,105,4,0.64756447,0.137535817,0.011461318,0.203438395
10,105,5,0.669014085,0.232394366,0,0.098591549
10,110,1,0.391304348,0.47826087,0.043478261,0.086956522
10,110,2,0.552631579,0.219298246,0.043859649,0.184210526
10,110,3,0.576642336,0.248175182,0.02919708,0.145985401
10,110,4,0.627586207,0.206896552,0.006896552,0.15862069
10,110,5,0.573770492,0.295081967,0,0.131147541
10,115,1,0.6,0.2,0.2,0
10,115,2,0.545454545,0.272727273,0,0.181818182
10,115,3,0.833333333,0,0,0.166666667
10,115,4,0.578947368,0.315789474,0,0.105263158
10,115,5,0.333333333,0.555555556,0,0.111111111
10,120,1,0.5,0.25,0,0.25
10,120,2,0.5,0.25,0,0.25
10,120,3,0.5,0.25,0,0.25
10,120,4,0.5,0.25,0,0.25
10,120,5,0.5,0.25,0,0.25
15,35,1,0,0,0,1
15,35,2,0,0,0,1
15,35,3,0,0,0,1
15,35,4,0,0,0,1
15,35,5,0,0,0,1
15,40,1,0,0,0,1
15,40,2,0,0,0,1
15,40,3,0,0,0,1
15,40,4,0.125,0,0,0.875
15,40,5,0,0,0,1
15,45,1,0,0,0,1
15,45,2,0.166666667,0,0,0.833333333
15,45,3,0,0,0,1
15,45,4,0,0,0,1
15,45,5,0.166666667,0,0,0.833333333
15,50,1,0.2,0,0,0.8
15,50,2,0,0,0,1
15,50,3,0.1875,0,0,0.8125
15,50,4,0.066666667,0,0,0.933333333
15,50,5,0,0,0,1
15,55,1,0,0.25,0,0.75
15,55,2,0.133333333,0.066666667,0,0.8
15,55,3,0.125,0,0,0.875
15,55,4,0.133333333,0,0,0.866666667
15,55,5,0.111111111,0,0,0.888888889
15,60,1,0.142857143,0.142857143,0,0.714285714
15,60,2,0.08,0,0,0.92
15,60,3,0.361111111,0,0,0.638888889
15,60,4,0.0625,0.0625,0,0.875
15,60,5,0.111111111,0.111111111,0,0.777777778
15,65,1,0.307692308,0,0,0.692307692
15,65,2,0.297297297,0,0,0.702702703
15,65,3,0.27027027,0,0,0.72972973
15,65,4,0.307692308,0,0,0.692307692
15,65,5,0.4,0.133333333,0,0.466666667
15,70,1,0.72,0.04,0,0.24
15,70,2,0.486111111,0.013888889,0,0.5
15,70,3,0.5625,0,0,0.4375
15,70,4,0.347222222,0,0,0.652777778
15,70,5,0.5,0,0,0.5
15,75,1,0.783783784,0.054054054,0,0.162162162
15,75,2,0.603603604,0,0,0.396396396
15,75,3,0.779310345,0,0,0.220689655
15,75,4,0.626984127,0,0,0.373015873
15,75,5,0.828571429,0.028571429,0,0.142857143
15,80,1,0.723404255,0.127659574,0,0.14893617
15,80,2,0.826086957,0,0,0.173913043
15,80,3,0.923076923,0.005494505,0.005494505,0.065934066
15,80,4,0.829113924,0.006329114,0,0.164556962
15,80,5,0.830508475,0.13559322,0,0.033898305
15,85,1,0.808219178,0.109589041,0.01369863,0.068493151
15,85,2,0.83125,0.01875,0,0.15
15,85,3,0.919191919,0.025252525,0.005050505,0.050505051
15,85,4,0.902439024,0.024390244,0,0.073170732
15,85,5,0.839506173,0.12345679,0,0.037037037
15,90,1,0.806896552,0.075862069,0.006896552,0.110344828
15,90,2,0.790780142,0.024822695,0.003546099,0.180851064
15,90,3,0.81120944,0.032448378,0.002949853,0.15339233
15,90,4,0.848137536,0.028653295,0,0.123209169
15,90,5,0.767857143,0.142857143,0.008928571,0.080357143
15,95,1,0.444444444,0.198830409,0.011695906,0.34502924
15,95,2,0.561128527,0.131661442,0.015673981,0.29153605
15,95,3,0.552567237,0.036674817,0.019559902,0.391198044
15,95,4,0.560137457,0.144329897,0.003436426,0.29209622
15,95,5,0.533333333,0.177777778,0,0.288888889
15,100,1,0.32967033,0.379120879,0.021978022,0.269230769
15,100,2,0.372881356,0.243644068,0.042372881,0.341101695
15,100,3,0.30952381,0.17032967,0.014652015,0.505494505
15,100,4,0.350383632,0.31202046,0.023017903,0.314578005
15,100,5,0.337349398,0.391566265,0,0.271084337
15,105,1,0.350364964,0.445255474,0.01459854,0.189781022
15,105,2,0.234323432,0.409240924,0.04290429,0.313531353
15,105,3,0.188470067,0.279379157,0.028824834,0.503325942
15,105,4,0.217261905,0.425595238,0.020833333,0.336309524
15,105,5,0.23364486,0.476635514,0.009345794,0.280373832
15,110,1,0.1875,0.5625,0.03125,0.21875
15,110,2,0.292134831,0.460674157,0.04494382,0.202247191
15,110,3,0.069444444,0.444444444,0.027777778,0.458333333
15,110,4,0.237704918,0.467213115,0.008196721,0.286885246
15,110,5,0.253968254,0.555555556,0,0.19047619
15,115,1,0.428571429,0.428571429,0,0.142857143
15,115,2,0.222222222,0.666666667,0,0.111111111
15,115,3,0,0.833333333,0,0.166666667
15,115,4,0.230769231,0.538461538,0.076923077,0.153846154
15,115,5,0.125,0.875,0,0
15,120,1,0.5,0.25,0,0.25
15,120,2,0.5,0.25,0,0.25
15,120,3,0.5,0.25,0,0.25
15,120,4,0.5,0.25,0,0.25
15,120,5,0.5,0.25,0,0.25
20,20,2,0,0,0,1
20,20,5,0,0,0,1
20,25,3,0,0,0,1
20,30,2,0,0,0,1
20,30,4,0,0,0,1
20,30,5,0,0,0,1
20,35,1,0,0,0,1
20,35,2,0.2,0,0,0.8
20,35,3,0.25,0,0,0.75
20,35,5,0,0,0,1
20,40,1,0,0,0,1
20,40,2,0.125,0,0,0.875
20,40,3,0,0,0,1
20,40,4,0,0,0,1
20,40,5,0,0,0,1
20,45,1,0,0,0,1
20,45,2,0,0,0,1
20,45,3,0,0,0,1
20,45,4,0,0,0,1
20,45,5,0.142857143,0,0,0.857142857
20,50,1,0,0,0,1
20,50,2,0,0.125,0,0.875
20,50,3,0.142857143,0,0,0.857142857
20,50,4,0,0.076923077,0,0.923076923
20,50,5,0,0,0,1
20,55,1,0.25,0,0,0.75
20,55,2,0.058823529,0,0,0.941176471
20,55,3,0,0,0,1
20,55,4,0.071428571,0,0,0.928571429
20,55,5,0,0,0,1
20,60,1,0.833333333,0,0,0.166666667
20,60,2,0.222222222,0,0,0.777777778
20,60,3,0.216216216,0,0,0.783783784
20,60,4,0.269230769,0,0,0.730769231
20,60,5,0.454545455,0.090909091,0,0.454545455
20,65,1,0.833333333,0.111111111,0,0.055555556
20,65,2,0.5,0,0,0.5
20,65,3,0.633802817,0,0,0.366197183
20,65,4,0.525,0,0,0.475
20,65,5,1,0,0,0
20,70,1,0.9,0.066666667,0,0.033333333
20,70,2,0.827586207,0,0,0.172413793
20,70,3,0.923076923,0,0,0.076923077
20,70,4,0.875,0.017857143,0,0.107142857
20,70,5,0.909090909,0,0,0.090909091
20,75,1,0.87804878,0.097560976,0,0.024390244
20,75,2,0.941176471,0,0,0.058823529
20,75,3,0.96031746,0,0,0.03968254
20,75,4,0.979381443,0,0,0.020618557
20,75,5,0.868421053,0.078947368,0.026315789,0.026315789
20,80,1,0.696428571,0.107142857,0.017857143,0.178571429
20,80,2,0.696,0.016,0,0.288
20,80,3,0.796954315,0.015228426,0,0.187817259
20,80,4,0.744966443,0.020134228,0.013422819,0.22147651
20,80,5,0.79245283,0.056603774,0,0.150943396
20,85,1,0.44047619,0.119047619,0.011904762,0.428571429
20,85,2,0.412162162,0.033783784,0,0.554054054
20,85,3,0.445652174,0.02173913,0.010869565,0.52173913
20,85,4,0.463541667,0.057291667,0.005208333,0.473958333
20,85,5,0.422535211,0.154929577,0.014084507,0.408450704
20,90,1,0.109589041,0.130136986,0.006849315,0.753424658
20,90,2,0.170909091,0.04,0.007272727,0.781818182
20,90,3,0.137741047,0.033057851,0.008264463,0.820936639
20,90,4,0.145061728,0.077160494,0,0.777777778
20,90,5,0.145038168,0.122137405,0.015267176,0.717557252
20,95,1,0.065789474,0.230263158,0.026315789,0.677631579
20,95,2,0.06969697,0.260606061,0.033333333,0.636363636
20,95,3,0.044887781,0.087281796,0.029925187,0.837905237
20,95,4,0.064814815,0.25308642,0.015432099,0.666666667
20,95,5,0.112244898,0.193877551,0,0.693877551
20,100,1,0.11038961,0.37012987,0.051948052,0.467532468
20,100,2,0.047858942,0.410579345,0.055415617,0.486146096
20,100,3,0.015473888,0.216634429,0.042553191,0.725338491
20,100,4,0.047337278,0.523668639,0.029585799,0.399408284
20,100,5,0.090225564,0.458646617,0.007518797,0.443609023
20,105,1,0.184782609,0.586956522,0.010869565,0.217391304
20,105,2,0.098654709,0.578475336,0.035874439,0.286995516
20,105,3,0.019292605,0.559485531,0.048231511,0.372990354
20,105,4,0.084745763,0.672316384,0.005649718,0.237288136
20,105,5,0.185185185,0.518518519,0.012345679,0.283950617
20,110,1,0.315789474,0.631578947,0,0.052631579
20,110,2,0.125,0.5,0.03125,0.34375
20,110,3,0.046153846,0.661538462,0.061538462,0.230769231
20,110,4,0.157894737,0.526315789,0,0.315789474
20,110,5,0.384615385,0.461538462,0,0.153846154
20,115,1,0.4,0.3,0,0.3
20,115,2,0.4,0.3,0,0.3
20,115,3,0.4,0.3,0,0.3
20,115,4,0.4,0.3,0,0.3
20,115,5,0.4,0.3,0,0.3
20,120,1,0.5,0.25,0,0.25
20,120,2,0.5,0.25,0,0.25
20,120,3,0.5,0.25,0,0.25
20,120,4,0.5,0.25,0,0.25
20,120,5,0.5,0.25,0,0.25
25,15,4,0,0,0,1
25,20,4,0,0,0,1
25,30,2,0,0,0,1
25,30,3,0,0,0,1
25,30,4,0,0,0,1
25,30,5,0,0,0,1
25,35,1,0,0,0,1
25,35,2,0.333333333,0,0,0.666666667
25,35,3,0.5,0,0,0.5
25,35,4,0,0,0,1
25,35,5,0,0,0,1
25,40,1,0,0,0,1
25,40,2,0,0,0,1
25,40,3,0.125,0,0,0.875
25,40,4,0,0,0,1
25,40,5,0,0,0,1
25,45,1,0,0,0,1
25,45,2,0.2,0,0,0.8
25,45,3,0,0,0,1
25,45,4,0,0,0,1
25,45,5,0,0,0,1
25,50,1,0.333333333,0,0,0.666666667
25,50,2,0,0,0,1
25,50,3,0,0,0,1
25,50,4,0.166666667,0,0,0.833333333
25,50,5,0,0,0,1
25,55,1,0.333333333,0,0,0.666666667
25,55,2,0.181818182,0,0,0.818181818
25,55,3,0,0,0,1
25,55,4,0.111111111,0,0,0.888888889
25,55,5,0.5,0,0,0.5
25,60,1,0.846153846,0.076923077,0,0.076923077
25,60,2,0.192307692,0,0,0.807692308
25,60,3,0.225806452,0.032258065,0,0.741935484
25,60,4,0.173913043,0,0,0.826086957
25,60,5,0.857142857,0,0,0.142857143
25,65,1,0.857142857,0,0,0.142857143
25,65,2,0.869565217,0,0,0.130434783
25,65,3,0.857142857,0,0,0.142857143
25,65,4,0.925925926,0,0,0.074074074
25,65,5,1,0,0,0
25,70,1,0.909090909,0.090909091,0,0
25,70,2,0.936507937,0,0,0.063492063
25,70,3,0.977272727,0,0,0.022727273
25,70,4,0.875,0.015625,0,0.109375
25,70,5,0.95,0,0,0.05
25,75,1,0.58974359,0.102564103,0,0.307692308
25,75,2,0.568181818,0.022727273,0,0.409090909
25,75,3,0.668874172,0.01986755,0,0.311258278
25,75,4,0.584269663,0,0,0.415730337
25,75,5,0.53125,0,0,0.46875
25,80,1,0.254545455,0.054545455,0,0.690909091
25,80,2,0.155737705,0.024590164,0,0.819672131
25,80,3,0.22459893,0.037433155,0.005347594,0.732620321
25,80,4,0.195488722,0.030075188,0,0.77443609
25,80,5,0.173913043,0.173913043,0,0.652173913
25,85,1,0.084337349,0.084337349,0.012048193,0.819277108
25,85,2,0.055555556,0.005555556,0.005555556,0.933333333
25,85,3,0.045226131,0.025125628,0.005025126,0.924623116
25,85,4,0.02247191,0.039325843,0,0.938202247
25,85,5,0.04,0.053333333,0,0.906666667
25,90,1,0.009174312,0.110091743,0.04587156,0.834862385
25,90,2,0.022900763,0.034351145,0.022900763,0.919847328
25,90,3,0.003558719,0.014234875,0.003558719,0.978647687
25,90,4,0.004065041,0.06504065,0.012195122,0.918699187
25,90,5,0.045045045,0.126126126,0,0.828828829
25,95,1,0.03539823,0.256637168,0.03539823,0.672566372
25,95,2,0.002932551,0.208211144,0.04398827,0.744868035
25,95,3,0.002409639,0.074698795,0.021686747,0.901204819
25,95,4,0.017421603,0.254355401,0.024390244,0.703832753
25,95,5,0.045045045,0.306306306,0.018018018,0.630630631
25,100,1,0.049180328,0.540983607,0.098360656,0.31147541
25,100,2,0.018604651,0.525581395,0.106976744,0.348837209
25,100,3,0,0.219679634,0.073226545,0.707093822
25,100,4,0.025773196,0.577319588,0.041237113,0.355670103
25,100,5,0.063829787,0.553191489,0,0.382978723
25,105,1,0.142857143,0.571428571,0.142857143,0.142857143
25,105,2,0.111111111,0.666666667,0.166666667,0.055555556
25,105,3,0,0.463414634,0.109756098,0.426829268
25,105,4,0,0.782608696,0.043478261,0.173913043
25,105,5,0,0.666666667,0,0.333333333
25,110,1,0.333333333,0.333333333,0.333333333,0
25,110,2,0.333333333,0.333333333,0.333333333,0
25,110,3,0,1,0,0
25,110,4,1,0,0,0
25,110,5,1,0,0,0
25,115,1,0.4,0.3,0,0.3
25,115,2,0.4,0.3,0,0.3
25,115,3,0.4,0.3,0,0.3
25,115,4,0.4,0.3,0,0.3
25,115,5,0.4,0.3,0,0.3
25,120,1,0.5,0.25,0,0.25
25,120,2,0.5,0.25,0,0.25
25,120,3,0.5,0.25,0,0.25
25,120,4,0.5,0.25,0,0.25
25,120,5,0.5,0.25,0,0.25
30,20,1,0,0,0,1
30,25,1,0,0,0,1
30,30,3,0.5,0,0,0.5
30,30,4,0,0,0,1
30,35,1,0,0,0,1
30,35,2,0,0,0,1
30,35,3,0.2,0,0,0.8
30,35,4,0,0,0,1
30,35,5,0.666666667,0,0,0.333333333
30,40,1,0,0,0,1
30,40,2,0,0,0,1
30,40,3,0,0,0,1
30,40,4,0,0,0,1
30,40,5,0,0,0,1
30,45,1,0,0,0,1
30,45,2,0,0,0,1
30,45,3,0.111111111,0,0,0.888888889
30,45,4,0.142857143,0,0,0.857142857
30,45,5,0,0,0,1
30,50,1,0,0,0,1
30,50,2,0.25,0,0,0.75
30,50,3,0.2,0,0,0.8
30,50,4,0.083333333,0,0,0.916666667
30,50,5,0.75,0,0,0.25
30,55,1,0.25,0,0,0.75
30,55,2,0,0,0,1
30,55,3,0.153846154,0,0,0.846153846
30,55,4,0.3,0,0,0.7
30,55,5,0.6,0,0,0.4
30,60,1,0.9,0.1,0,0
30,60,2,0.294117647,0,0,0.705882353
30,60,3,0.291666667,0,0,0.708333333
30,60,4,0.28,0,0,0.72
30,60,5,0.857142857,0.142857143,0,0
30,65,1,0.952380952,0.047619048,0,0
30,65,2,0.882352941,0,0,0.117647059
30,65,3,0.947368421,0,0,0.052631579
30,65,4,0.847826087,0,0,0.152173913
30,65,5,1,0,0,0
30,70,1,0.666666667,0,0.041666667,0.291666667
30,70,2,0.638297872,0.042553191,0,0.319148936
30,70,3,0.746987952,0.036144578,0,0.21686747
30,70,4,0.630434783,0.02173913,0,0.347826087
30,70,5,0.8,0.05,0,0.15
30,75,1,0.342857143,0.057142857,0,0.6
30,75,2,0.27173913,0.010869565,0,0.717391304
30,75,3,0.212962963,0,0,0.787037037
30,75,4,0.108695652,0.02173913,0,0.869565217
30,75,5,0.181818182,0.121212121,0,0.696969697
30,80,1,0.016393443,0,0.016393443,0.967213115
30,80,2,0.021126761,0,0,0.978873239
30,80,3,0.020547945,0,0,0.979452055
30,80,4,0.007352941,0,0,0.992647059
30,80,5,0.020408163,0.040816327,0,0.93877551
30,85,1,0,0.025316456,0,0.974683544
30,85,2,0,0,0,1
30,85,3,0.004587156,0.004587156,0.004587156,0.986238532
30,85,4,0,0.012820513,0,0.987179487
30,85,5,0,0.016393443,0,0.983606557
30,90,1,0,0.077777778,0.011111111,0.911111111
30,90,2,0,0.012096774,0.016129032,0.971774194
30,90,3,0,0,0.003521127,0.996478873
30,90,4,0,0.02734375,0.01171875,0.9609375
30,90,5,0.010416667,0.083333333,0,0.90625
30,95,1,0.023255814,0.139534884,0.034883721,0.802325581
30,95,2,0.007462687,0.138059701,0.059701493,0.794776119
30,95,3,0.002336449,0.060747664,0.011682243,0.925233645
30,95,4,0.004132231,0.148760331,0.016528926,0.830578512
30,95,5,0.023255814,0.209302326,0,0.76744186
30,100,1,0,0.16,0.16,0.68
30,100,2,0,0.174242424,0.128787879,0.696969697
30,100,3,0,0.078947368,0.049707602,0.871345029
30,100,4,0,0.259259259,0.055555556,0.685185185
30,100,5,0.047619048,0.333333333,0,0.619047619
30,105,1,0,0.5,0.5,0
30,105,2,0,0.3125,0.0625,0.625
30,105,3,0,0.031746032,0.079365079,0.888888889
30,105,4,0,0.444444444,0.111111111,0.444444444
30,105,5,0,0.444444444,0.111111111,0.444444444
30,110,1,1,0,0,0
30,110,2,0,0,0,1
30,110,3,0,0,0,1
30,110,4,0,0.333333333,0,0.666666667
30,110,5,0,0.333333333,0,0.666666667
30,115,1,0.4,0.3,0,0.3
30,115,2,0.4,0.3,0,0.3
30,115,3,0.4,0.3,0,0.3
30,115,4,0.4,0.3,0,0.3
30,115,5,0.4,0.3,0,0.3
30,120,1,0.5,0.25,0,0.25
30,120,2,0.5,0.25,0,0.25
30,120,3,0.5,0.25,0,0.25
30,120,4,0.5,0.25,0,0.25
30,120,5,0.5,0.25,0,0.25
35,25,1,1,0,0,0
35,30,1,0,0,0,1
35,30,3,0.5,0,0,0.5
35,30,5,1,0,0,0
35,35,1,0,0,0,1
35,35,2,0.333333333,0,0,0.666666667
35,35,4,0,0,0,1
35,40,2,0,0,0,1
35,40,3,1,0,0,0
35,40,4,0,0,0,1
35,40,5,0.25,0,0,0.75
35,45,2,0.25,0,0,0.75
35,45,3,0,0,0,1
35,45,4,0,0,0,1
35,45,5,0,0,0,1
35,50,1,0.25,0,0,0.75
35,50,2,0,0,0,1
35,50,3,0.2,0,0,0.8
35,50,4,0.090909091,0,0,0.909090909
35,50,5,0,0,0,1
35,55,1,0.6,0,0,0.4
35,55,2,0.181818182,0,0,0.818181818
35,55,3,0,0,0,1
35,55,4,0,0,0,1
35,55,5,0,0,0,1
35,60,1,1,0,0,0
35,60,2,0.35,0,0,0.65
35,60,3,0.090909091,0,0,0.909090909
35,60,4,0.235294118,0,0,0.764705882
35,60,5,0.714285714,0.142857143,0,0.142857143
35,65,1,0.923076923,0,0,0.076923077
35,65,2,0.655172414,0,0,0.344827586
35,65,3,0.755102041,0.040816327,0,0.204081633
35,65,4,0.8125,0,0,0.1875
35,65,5,1,0,0,0
35,70,1,0.625,0.03125,0.03125,0.3125
35,70,2,0.383333333,0,0,0.616666667
35,70,3,0.6,0.0375,0,0.3625
35,70,4,0.411764706,0,0,0.588235294
35,70,5,0.47826087,0,0,0.52173913
35,75,1,0.052631579,0.026315789,0,0.921052632
35,75,2,0.044117647,0,0,0.955882353
35,75,3,0.117021277,0.021276596,0,0.861702128
35,75,4,0.095238095,0,0.011904762,0.892857143
35,75,5,0.08,0,0,0.92
35,80,1,0,0,0.016393443,0.983606557
35,80,2,0,0,0,1
35,80,3,0,0,0,1
35,80,4,0,0,0,1
35,80,5,0,0,0.024390244,0.975609756
35,85,1,0,0,0,1
35,85,2,0.006369427,0,0,0.993630573
35,85,3,0,0,0,1
35,85,4,0,0.006289308,0,0.993710692
35,85,5,0,0.014925373,0,0.985074627
35,90,1,0,0.024193548,0.008064516,0.967741935
35,90,2,0,0,0,1
35,90,3,0,0.003278689,0,0.996721311
35,90,4,0.00462963,0.013888889,0,0.981481481
35,90,5,0,0.025,0.0125,0.9625
35,95,1,0,0.047058824,0.011764706,0.941176471
35,95,2,0.004081633,0.024489796,0.016326531,0.955102041
35,95,3,0,0.023809524,0.005952381,0.970238095
35,95,4,0.004366812,0.034934498,0.017467249,0.943231441
35,95,5,0,0.071428571,0,0.928571429
35,100,1,0,0.05,0,0.95
35,100,2,0,0.075630252,0.058823529,0.865546218
35,100,3,0,0.024390244,0.010452962,0.965156794
35,100,4,0,0.058823529,0.016806723,0.924369748
35,100,5,0,0,0,1
35,105,1,0,0.5,0,0.5
35,105,2,0,0.133333333,0,0.866666667
35,105,3,0,0.026315789,0,0.973684211
35,105,4,0,0.052631579,0.052631579,0.894736842
35,105,5,0,0.052631579,0.052631579,0.894736842
35,110,1,0,0.333333333,0,0.666666667
35,110,2,0,0.333333333,0,0.666666667
35,110,3,0,0.333333333,0,0.666666667
35,110,4,0,0.333333333,0,0.666666667
35,110,5,0,0.333333333,0,0.666666667
35,115,1,0.4,0.3,0,0.3
35,115,2,0.4,0.3,0,0.3
35,115,3,0.4,0.3,0,0.3
35,115,4,0.4,0.3,0,0.3
35,115,5,0.4,0.3,0,0.3
35,120,1,0.5,0.25,0,0.25
35,120,2,0.5,0.25,0,0.25
35,120,3,0.5,0.25,0,0.25
35,120,4,0.5,0.25,0,0.25
35,120,5,0.5,0.25,0,0.25
40,15,2,0,0,0,1
40,35,3,0.75,0,0,0.25
40,35,4,0.333333333,0,0,0.666666667
40,35,5,0,0,0,1
40,40,1,0,0,0,1
40,40,2,0,0,0,1
40,40,4,0.333333333,0,0,0.666666667
40,40,5,1,0,0,0
40,45,1,0,0,0,1
40,45,2,0,0,0,1
40,45,3,0,0,0,1
40,45,4,0,0,0,1
40,45,5,0,0,0,1
40,50,1,0,0,0,1
40,50,2,0,0,0,1
40,50,3,0,0,0,1
40,50,4,0,0,0,1
40,55,1,0.666666667,0,0,0.333333333
40,55,2,0.090909091,0,0,0.909090909
40,55,3,0,0,0,1
40,55,4,0,0,0,1
40,55,5,0.142857143,0,0,0.857142857
40,60,1,0.583333333,0.083333333,0,0.333333333
40,60,2,0.1875,0,0,0.8125
40,60,3,0,0,0,1
40,60,4,0.142857143,0,0,0.857142857
40,60,5,0.428571429,0,0,0.571428571
40,65,1,0.777777778,0.055555556,0,0.166666667
40,65,2,0.424242424,0.03030303,0,0.545454545
40,65,3,0.282051282,0,0,0.717948718
40,65,4,0.5,0,0,0.5
40,65,5,0.545454545,0.090909091,0,0.363636364
40,70,1,0.380952381,0.047619048,0,0.571428571
40,70,2,0.274509804,0,0,0.725490196
40,70,3,0.35,0.066666667,0,0.583333333
40,70,4,0.275,0,0,0.725
40,70,5,0.428571429,0.047619048,0.047619048,0.476190476
40,75,1,0.055555556,0.027777778,0,0.916666667
40,75,2,0.015625,0,0,0.984375
40,75,3,0.096774194,0.032258065,0,0.870967742
40,75,4,0.064102564,0,0,0.935897436
40,75,5,0.052631579,0,0,0.947368421
40,80,1,0.018518519,0,0,0.981481481
40,80,2,0,0,0,1
40,80,3,0.007194245,0,0,0.992805755
40,80,4,0,0,0,1
40,80,5,0,0.023809524,0,0.976190476
40,85,1,0.011764706,0,0,0.988235294
40,85,2,0,0.006493506,0,0.993506494
40,85,3,0,0.006060606,0,0.993939394
40,85,4,0,0.007936508,0,0.992063492
40,85,5,0,0,0,1
40,90,1,0,0,0,1
40,90,2,0,0,0,1
40,90,3,0,0,0,1
40,90,4,0,0,0,1
40,90,5,0.007042254,0,0,0.992957746
40,95,1,0,0.028985507,0.014492754,0.956521739
40,95,2,0.006578947,0.013157895,0.006578947,0.973684211
40,95,3,0,0.007326007,0,0.992673993
40,95,4,0,0.010810811,0,0.989189189
40,95,5,0,0.018518519,0.018518519,0.962962963
40,100,1,0,0.047619048,0,0.952380952
40,100,2,0.010204082,0.010204082,0.020408163,0.959183673
40,100,3,0,0.011764706,0.005882353,0.982352941
40,100,4,0,0.009174312,0,0.990825688
40,100,5,0,0.095238095,0,0.904761905
40,105,1,0,0,0,1
40,105,2,0,0.090909091,0,0.909090909
40,105,3,0,0.019607843,0,0.980392157
40,105,4,0,0.058823529,0,0.941176471
40,105,5,0,0,0,1
40,110,1,0,0.333333333,0,0.666666667
40,110,2,0,1,0,0
40,110,3,0,0,0,1
40,110,4,0,0,0,1
40,110,5,0,0.333333333,0,0.666666667
40,115,1,0.4,0.3,0,0.3
40,115,2,0.4,0.3,0,0.3
40,115,3,0.4,0.3,0,0.3
40,115,4,0.4,0.3,0,0.3
40,115,5,0.4,0.3,0,0.3
40,120,1,0.5,0.25,0,0.25
40,120,2,0.5,0.25,0,0.25
40,120,3,0.5,0.25,0,0.25
40,120,4,0.5,0.25,0,0.25
40,120,5,0.5,0.25,0,0.25
45,15,2,0,0,0,1
45,35,3,0.75,0,0,0.25
45,35,4,0.333333333,0,0,0.666666667
45,35,5,0,0,0,1
45,40,1,0,0,0,1
45,40,2,0,0,0,1
45,40,4,0.333333333,0,0,0.666666667
45,40,5,1,0,0,0
45,45,1,0,0,0,1
45,45,2,0,0,0,1
45,45,3,0,0,0,1
45,45,4,0,0,0,1
45,45,5,0,0,0,1
45,50,1,0,0,0,1
45,50,2,0,0,0,1
45,50,3,0,0,0,1
45,50,4,0,0,0,1
45,55,1,0.666666667,0,0,0.333333333
45,55,2,0.090909091,0,0,0.909090909
45,55,3,0,0,0,1
45,55,4,0,0,0,1
45,55,5,0.142857143,0,0,0.857142857
45,60,1,0.583333333,0.083333333,0,0.333333333
45,60,2,0.1875,0,0,0.8125
45,60,3,0,0,0,1
45,60,4,0.142857143,0,0,0.857142857
45,60,5,0.428571429,0,0,0.571428571
45,65,1,0.777777778,0.055555556,0,0.166666667
45,65,2,0.424242424,0.03030303,0,0.545454545
45,65,3,0.282051282,0,0,0.717948718
45,65,4,0.5,0,0,0.5
45,65,5,0.545454545,0.090909091,0,0.363636364
45,70,1,0.380952381,0.047619048,0,0.571428571
45,70,2,0.274509804,0,0,0.725490196
45,70,3,0.35,0.066666667,0,0.583333333
45,70,4,0.275,0,0,0.725
45,70,5,0.428571429,0.047619048,0.047619048,0.476190476
45,75,1,0.055555556,0.027777778,0,0.916666667
45,75,2,0.015625,0,0,0.984375
45,75,3,0.096774194,0.032258065,0,0.870967742
45,75,4,0.064102564,0,0,0.935897436
45,75,5,0.052631579,0,0,0.947368421
45,80,1,0.018518519,0,0,0.981481481
45,80,2,0,0,0,1
45,80,3,0.007194245,0,0,0.992805755
45,80,4,0,0,0,1
45,80,5,0,0.023809524,0,0.976190476
45,85,1,0.011764706,0,0,0.988235294
45,85,2,0,0.006493506,0,0.993506494
45,85,3,0,0.006060606,0,0.993939394
45,85,4,0,0.007936508,0,0.992063492
45,85,5,0,0,0,1
45,90,1,0,0,0,1
45,90,2,0,0,0,1
45,90,3,0,0,0,1
45,90,4,0,0,0,1
45,90,5,0.007042254,0,0,0.992957746
45,95,1,0,0.028985507,0.014492754,0.956521739
45,95,2,0.006578947,0.013157895,0.006578947,0.973684211
45,95,3,0,0.007326007,0,0.992673993
45,95,4,0,0.010810811,0,0.989189189
45,95,5,0,0.018518519,0.018518519,0.962962963
45,100,1,0,0.047619048,0,0.952380952
45,100,2,0.010204082,0.010204082,0.020408163,0.959183673
45,100,3,0,0.011764706,0.005882353,0.982352941
45,100,4,0,0.009174312,0,0.990825688
45,100,5,0,0.095238095,0,0.904761905
45,105,1,0,0,0,1
45,105,2,0,0.090909091,0,0.909090909
45,105,3,0,0.019607843,0,0.980392157
45,105,4,0,0.058823529,0,0.941176471
45,105,5,0,0,0,1
45,110,1,0,0.333333333,0,0.666666667
45,110,2,0,1,0,0
45,110,3,0,0,0,1
45,110,4,0,0,0,1
45,110,5,0,0.333333333,0,0.666666667
45,115,1,0.2,0.1,0,0.7
45,115,2,0.2,0.1,0,0.7
45,115,3,0.2,0.1,0,0.7
45,115,4,0.2,0.1,0,0.7
45,115,5,0.2,0.1,0,0.7
45,120,1,0.2,0.1,0,0.7
45,120,2,0.2,0.1,0,0.7
45,120,3,0.2,0.1,0,0.7
45,120,4,0.2,0.1,0,0.7
45,120,5,0.2,0.1,0,0.7
50,15,2,0,0,0,1
50,35,3,0,0,0,1
50,35,4,0,0,0,1
50,35,5,0,0,0,1
50,40,1,0,0,0,1
50,40,2,0,0,0,1
50,40,4,0,0,0,1
50,40,5,0,0,0,1
50,45,1,0,0,0,1
50,45,2,0,0,0,1
50,45,3,0,0,0,1
50,45,4,0,0,0,1
50,45,5,0,0,0,1
50,50,1,0,0,0,1
50,50,2,0,0,0,1
50,50,3,0,0,0,1
50,50,4,0,0,0,1
50,55,1,0.666666667,0,0,0.333333333
50,55,2,0.090909091,0,0,0.909090909
50,55,3,0,0,0,1
50,55,4,0,0,0,1
50,55,5,0.142857143,0,0,0.857142857
50,60,1,0.583333333,0.083333333,0,0.333333333
50,60,2,0.1875,0,0,0.8125
50,60,3,0,0,0,1
50,60,4,0.142857143,0,0,0.857142857
50,60,5,0.428571429,0,0,0.571428571
50,65,1,0.777777778,0.055555556,0,0.166666667
50,65,2,0.424242424,0.03030303,0,0.545454545
50,65,3,0.282051282,0,0,0.717948718
50,65,4,0.5,0,0,0.5
50,65,5,0.545454545,0.090909091,0,0.363636364
50,70,1,0.380952381,0.047619048,0,0.571428571
50,70,2,0.274509804,0,0,0.725490196
50,70,3,0.35,0.066666667,0,0.583333333
50,70,4,0.275,0,0,0.725
50,70,5,0.428571429,0.047619048,0.047619048,0.476190476
50,75,1,0.055555556,0.027777778,0,0.916666667
50,75,2,0.015625,0,0,0.984375
50,75,3,0.096774194,0.032258065,0,0.870967742
50,75,4,0.064102564,0,0,0.935897436
50,75,5,0.052631579,0,0,0.947368421
50,80,1,0.018518519,0,0,0.981481481
50,80,2,0,0,0,1
50,80,3,0.007194245,0,0,0.992805755
50,80,4,0,0,0,1
50,80,5,0,0.023809524,0,0.976190476
50,85,1,0.011764706,0,0,0.988235294
50,85,2,0,0.006493506,0,0.993506494
50,85,3,0,0.006060606,0,0.993939394
50,85,4,0,0.007936508,0,0.992063492
50,85,5,0,0,0,1
50,90,1,0,0,0,1
50,90,2,0,0,0,1
50,90,3,0,0,0,1
50,90,4,0,0,0,1
50,90,5,0.007042254,0,0,0.992957746
50,95,1,0,0.028985507,0.014492754,0.956521739
50,95,2,0.006578947,0.013157895,0.006578947,0.973684211
50,95,3,0,0.007326007,0,0.992673993
50,95,4,0,0.010810811,0,0.989189189
50,95,5,0,0.018518519,0.018518519,0.962962963
50,100,1,0,0.047619048,0,0.952380952
50,100,2,0.010204082,0.010204082,0.020408163,0.959183673
50,100,3,0,0.011764706,0.005882353,0.982352941
50,100,4,0,0.009174312,0,0.990825688
50,100,5,0,0.095238095,0,0.904761905
50,105,1,0,0,0,1
50,105,2,0,0.090909091,0,0.909090909
50,105,3,0,0.019607843,0,0.980392157
50,105,4,0,0.058823529,0,0.941176471
50,105,5,0,0,0,1
50,110,1,0,0.333333333,0,0.666666667
50,110,2,0,1,0,0
50,110,3,0,0,0,1
50,110,4,0,0,0,1
50,110,5,0,0.333333333,0,0.666666667
50,115,1,0.2,0.1,0,0.7
50,115,2,0.2,0.1,0,0.7
50,115,3,0.2,0.1,0,0.7
50,115,4,0.2,0.1,0,0.7
50,115,5,0.2,0.1,0,0.7
50,120,1,0.2,0.1,0,0.7
50,120,2,0.2,0.1,0,0.7
50,120,3,0.2,0.1,0,0.7
50,120,4,0.2,0.1,0,0.7
50,120,5,0.2,0.1,0,0.7
55,15,2,0,0,0,1
55,35,3,0,0,0,1
55,35,4,0,0,0,1
55,35,5,0,0,0,1
55,40,1,0,0,0,1
55,40,2,0,0,0,1
55,40,4,0,0,0,1
55,40,5,0,0,0,1
55,45,1,0,0,0,1
55,45,2,0,0,0,1
55,45,3,0,0,0,1
55,45,4,0,0,0,1
55,45,5,0,0,0,1
55,50,1,0,0,0,1
55,50,2,0,0,0,1
55,50,3,0,0,0,1
55,50,4,0,0,0,1
55,55,1,0,0,0,1
55,55,2,0,0,0,1
55,55,3,0,0,0,1
55,55,4,0,0,0,1
55,55,5,0,0,0,1
55,60,1,0,0,0,1
55,60,2,0,0,0,1
55,60,3,0,0,0,1
55,60,4,0,0,0,1
55,60,5,0,0,0,1
55,65,1,0,0,0,1
55,65,2,0,0,0,1
55,65,3,0,0,0,1
55,65,4,0,0,0,1
55,65,5,0,0,0,1
55,70,1,0,0,0,1
55,70,2,0,0,0,1
55,70,3,0,0,0,1
55,70,4,0,0,0,1
55,70,5,0,0,0,1
55,75,1,0,0,0,1
55,75,2,0,0,0,1
55,75,3,0,0,0,1
55,75,4,0,0,0,1
55,75,5,0,0,0,1
55,80,1,0,0,0,1
55,80,2,0,0,0,1
55,80,3,0,0,0,1
55,80,4,0,0,0,1
55,80,5,0,0,0,1
55,85,1,0,0,0,1
55,85,2,0,0,0,1
55,85,3,0,0,0,1
55,85,4,0,0,0,1
55,85,5,0,0,0,1
55,90,1,0,0,0,1
55,90,2,0,0,0,1
55,90,3,0,0,0,1
55,90,4,0,0,0,1
55,90,5,0,0,0,1
55,95,1,0,0,0,1
55,95,2,0,0,0,1
55,95,3,0,0,0,1
55,95,4,0,0,0,1
55,95,5,0,0,0,1
55,100,1,0,0,0,1
55,100,2,0,0,0,1
55,100,3,0,0,0,1
55,100,4,0,0,0,1
55,100,5,0,0,0,1
55,105,1,0,0,0,1
55,105,2,0,0,0,1
55,105,3,0,0,0,1
55,105,4,0,0,0,1
55,105,5,0,0,0,1
55,110,1,0,0,0,1
55,110,2,0,0,0,1
55,110,3,0,0,0,1
55,110,4,0,0,0,1
55,110,5,0,0,0,1
55,115,1,0,0,0,1
55,115,2,0,0,0,1
55,115,3,0,0,0,1
55,115,4,0,0,0,1
55,115,5,0,0,0,1
55,120,1,0,0,0,1
55,120,2,0,0,0,1
55,120,3,0,0,0,1
55,120,4,0,0,0,1
55,120,5,0,0,0,1
60,15,2,0,0,0,1
60,35,3,0,0,0,1
60,35,4,0,0,0,1
60,35,5,0,0,0,1
60,40,1,0,0,0,1
60,40,2,0,0,0,1
60,40,4,0,0,0,1
60,40,5,0,0,0,1
60,45,1,0,0,0,1
60,45,2,0,0,0,1
60,45,3,0,0,0,1
60,45,4,0,0,0,1
60,45,5,0,0,0,1
60,50,1,0,0,0,1
60,50,2,0,0,0,1
60,50,3,0,0,0,1
60,50,4,0,0,0,1
60,55,1,0,0,0,1
60,55,2,0,0,0,1
60,55,3,0,0,0,1
60,55,4,0,0,0,1
60,55,5,0,0,0,1
60,60,1,0,0,0,1
60,60,2,0,0,0,1
60,60,3,0,0,0,1
60,60,4,0,0,0,1
60,60,5,0,0,0,1
60,65,1,0,0,0,1
60,65,2,0,0,0,1
60,65,3,0,0,0,1
60,65,4,0,0,0,1
60,65,5,0,0,0,1
60,70,1,0,0,0,1
60,70,2,0,0,0,1
60,70,3,0,0,0,1
60,70,4,0,0,0,1
60,70,5,0,0,0,1
60,75,1,0,0,0,1
60,75,2,0,0,0,1
60,75,3,0,0,0,1
60,75,4,0,0,0,1
60,75,5,0,0,0,1
60,80,1,0,0,0,1
60,80,2,0,0,0,1
60,80,3,0,0,0,1
60,80,4,0,0,0,1
60,80,5,0,0,0,1
60,85,1,0,0,0,1
60,85,2,0,0,0,1
60,85,3,0,0,0,1
60,85,4,0,0,0,1
60,85,5,0,0,0,1
60,90,1,0,0,0,1
60,90,2,0,0,0,1
60,90,3,0,0,0,1
60,90,4,0,0,0,1
60,90,5,0,0,0,1
60,95,1,0,0,0,1
60,95,2,0,0,0,1
60,95,3,0,0,0,1
60,95,4,0,0,0,1
60,95,5,0,0,0,1
60,100,1,0,0,0,1
60,100,2,0,0,0,1
60,100,3,0,0,0,1
60,100,4,0,0,0,1
60,100,5,0,0,0,1
60,105,1,0,0,0,1
60,105,2,0,0,0,1
60,105,3,0,0,0,1
60,105,4,0,0,0,1
60,105,5,0,0,0,1
60,110,1,0,0,0,1
60,110,2,0,0,0,1
60,110,3,0,0,0,1
60,110,4,0,0,0,1
60,110,5,0,0,0,1
60,115,1,0,0,0,1
60,115,2,0,0,0,1
60,115,3,0,0,0,1
60,115,4,0,0,0,1
60,115,5,0,0,0,1
60,120,1,0,0,0,1
60,120,2,0,0,0,1
60,120,3,0,0,0,1
60,120,4,0,0,0,1
60,120,5,0,0,0,1
65,15,2,0,0,0,1
65,35,3,0,0,0,1
65,35,4,0,0,0,1
65,35,5,0,0,0,1
65,40,1,0,0,0,1
65,40,2,0,0,0,1
65,40,4,0,0,0,1
65,40,5,0,0,0,1
65,45,1,0,0,0,1
65,45,2,0,0,0,1
65,45,3,0,0,0,1
65,45,4,0,0,0,1
65,45,5,0,0,0,1
65,50,1,0,0,0,1
65,50,2,0,0,0,1
65,50,3,0,0,0,1
65,50,4,0,0,0,1
65,55,1,0,0,0,1
65,55,2,0,0,0,1
65,55,3,0,0,0,1
65,55,4,0,0,0,1
65,55,5,0,0,0,1
65,60,1,0,0,0,1
65,60,2,0,0,0,1
65,60,3,0,0,0,1
65,60,4,0,0,0,1
65,60,5,0,0,0,1
65,65,1,0,0,0,1
65,65,2,0,0,0,1
65,65,3,0,0,0,1
65,65,4,0,0,0,1
65,65,5,0,0,0,1
65,70,1,0,0,0,1
65,70,2,0,0,0,1
65,70,3,0,0,0,1
65,70,4,0,0,0,1
65,70,5,0,0,0,1
65,75,1,0,0,0,1
65,75,2,0,0,0,1
65,75,3,0,0,0,1
65,75,4,0,0,0,1
65,75,5,0,0,0,1
65,80,1,0,0,0,1
65,80,2,0,0,0,1
65,80,3,0,0,0,1
65,80,4,0,0,0,1
65,80,5,0,0,0,1
65,85,1,0,0,0,1
65,85,2,0,0,0,1
65,85,3,0,0,0,1
65,85,4,0,0,0,1
65,85,5,0,0,0,1
65,90,1,0,0,0,1
65,90,2,0,0,0,1
65,90,3,0,0,0,1
65,90,4,0,0,0,1
65,90,5,0,0,0,1
65,95,1,0,0,0,1
65,95,2,0,0,0,1
65,95,3,0,0,0,1
65,95,4,0,0,0,1
65,95,5,0,0,0,1
65,100,1,0,0,0,1
65,100,2,0,0,0,1
65,100,3,0,0,0,1
65,100,4,0,0,0,1
65,100,5,0,0,0,1
65,105,1,0,0,0,1
65,105,2,0,0,0,1
65,105,3,0,0,0,1
65,105,4,0,0,0,1
65,105,5,0,0,0,1
65,110,1,0,0,0,1
65,110,2,0,0,0,1
65,110,3,0,0,0,1
65,110,4,0,0,0,1
65,110,5,0,0,0,1
65,115,1,0,0,0,1
65,115,2,0,0,0,1
65,115,3,0,0,0,1
65,115,4,0,0,0,1
65,115,5,0,0,0,1
65,120,1,0,0,0,1
65,120,2,0,0,0,1
65,120,3,0,0,0,1
65,120,4,0,0,0,1
65,120,5,0,0,0,1
-30,20,2,0,0,0,1
-30,30,1,0,0,0,1
-30,30,3,0,0,0,1
-30,30,5,1,0,0,0
-30,35,1,0,0,0,1
-30,35,2,0.25,0,0,0.75
-30,35,3,0,0,0,1
-30,35,4,0.285714286,0,0,0.714285714
-30,35,5,0.6,0,0,0.4
-30,40,2,0.166666667,0,0,0.833333333
-30,40,3,0,0,0,1
-30,40,4,0.375,0,0,0.625
-30,40,5,0.125,0,0,0.875
-30,45,1,0,0,0,1
-30,45,2,0.25,0,0,0.75
-30,45,3,0.111111111,0,0,0.888888889
-30,45,4,0.166666667,0,0,0.833333333
-30,45,5,0.333333333,0,0,0.666666667
-30,50,1,0,0,0,1
-30,50,2,0.25,0,0,0.75
-30,50,3,0,0,0,1
-30,50,4,0.133333333,0.066666667,0,0.8
-30,50,5,0,0,0,1
-30,55,1,0,0,0,1
-30,55,2,0,0,0,1
-30,55,3,0.095238095,0,0,0.904761905
-30,55,4,0.130434783,0,0,0.869565217
-30,55,5,0.071428571,0,0,0.928571429
-30,60,1,0,0,0,1
-30,60,2,0.032258065,0,0,0.967741935
-30,60,3,0.052631579,0,0,0.947368421
-30,60,4,0.114285714,0,0,0.885714286
-30,60,5,0.035714286,0,0,0.964285714
-30,65,1,0.027027027,0,0,0.972972973
-30,65,2,0,0.018181818,0,0.981818182
-30,65,3,0.042553191,0,0,0.957446809
-30,65,4,0.084337349,0,0,0.915662651
-30,65,5,0,0,0,1
-30,70,1,0.02,0,0,0.98
-30,70,2,0.061728395,0.024691358,0,0.913580247
-30,70,3,0.050847458,0,0,0.949152542
-30,70,4,0.045977011,0.011494253,0,0.942528736
-30,70,5,0.016129032,0.032258065,0,0.951612903
-30,75,1,0.044444444,0,0,0.955555556
-30,75,2,0,0.012987013,0,0.987012987
-30,75,3,0.119047619,0,0,0.880952381
-30,75,4,0.075471698,0,0,0.924528302
-30,75,5,0.03125,0,0,0.96875
-30,80,1,0,0.064516129,0,0.935483871
-30,80,2,0.022988506,0,0,0.977011494
-30,80,3,0.053571429,0,0,0.946428571
-30,80,4,0.049295775,0,0,0.950704225
-30,80,5,0.052631579,0.035087719,0,0.912280702
-30,85,1,0.166666667,0,0,0.833333333
-30,85,2,0.064516129,0,0,0.935483871
-30,85,3,0.148148148,0,0,0.851851852
-30,85,4,0.092105263,0,0,0.907894737
-30,85,5,0.024390244,0,0,0.975609756
-30,90,1,0.083333333,0,0,0.916666667
-30,90,2,0.066666667,0,0,0.933333333
-30,90,3,0.142857143,0,0,0.857142857
-30,90,4,0.06875,0,0,0.93125
-30,90,5,0.083333333,0,0,0.916666667
-30,95,1,0,0,0,1
-30,95,2,0.071428571,0,0,0.928571429
-30,95,3,0.2125,0,0,0.7875
-30,95,4,0.092436975,0,0,0.907563025
-30,95,5,0,0,0,1
-30,100,1,0,0,0,1
-30,100,2,0.178571429,0,0,0.821428571
-30,100,3,0.285714286,0,0,0.714285714
-30,100,4,0.075,0,0,0.925
-30,100,5,0.333333333,0.333333333,0,0.333333333
-30,105,1,0.368421053,0,0,0.631578947
-30,105,2,0,0,0,1
-30,105,3,0.368421053,0,0,0.631578947
-30,105,4,0.153846154,0,0,0.846153846
-30,105,5,1,0,0,0
-30,110,1,0,0,0,1
-30,110,2,0,0,0,1
-30,110,3,0.2,0,0,0.8
-30,110,4,0.5,0,0,0.5
-30,110,5,0.5,0,0,0.5
-30,115,1,0.5,0,0,0.5
-30,115,2,0.5,0,0,0.5
-30,115,3,0.5,0,0,0.5
-30,115,4,0.5,0,0,0.5
-30,115,5,0.5,0,0,0.5
-30,120,1,0.5,0,0,0.5
-30,120,2,0.5,0,0,0.5
-30,120,3,0.5,0,0,0.5
-30,120,4,0.5,0,0,0.5
-30,120,5,0.5,0,0,0.5
-35,20,2,0,0,0,1
-35,30,1,0,0,0,1
-35,30,3,0,0,0,1
-35,30,5,1,0,0,0
-35,35,1,0,0,0,1
-35,35,2,0.25,0,0,0.75
-35,35,3,0,0,0,1
-35,35,4,0.285714286,0,0,0.714285714
-35,35,5,0.6,0,0,0.4
-35,40,2,0.166666667,0,0,0.833333333
-35,40,3,0,0,0,1
-35,40,4,0.375,0,0,0.625
-35,40,5,0.125,0,0,0.875
-35,45,1,0,0,0,1
-35,45,2,0.25,0,0,0.75
-35,45,3,0.111111111,0,0,0.888888889
-35,45,4,0.166666667,0,0,0.833333333
-35,45,5,0.333333333,0,0,0.666666667
-35,50,1,0,0,0,1
-35,50,2,0.25,0,0,0.75
-35,50,3,0,0,0,1
-35,50,4,0.133333333,0.066666667,0,0.8
-35,50,5,0,0,0,1
-35,55,1,0,0,0,1
-35,55,2,0,0,0,1
-35,55,3,0.095238095,0,0,0.904761905
-35,55,4,0.130434783,0,0,0.869565217
-35,55,5,0.071428571,0,0,0.928571429
-35,60,1,0,0,0,1
-35,60,2,0.032258065,0,0,0.967741935
-35,60,3,0.052631579,0,0,0.947368421
-35,60,4,0.114285714,0,0,0.885714286
-35,60,5,0.035714286,0,0,0.964285714
-35,65,1,0.027027027,0,0,0.972972973
-35,65,2,0,0.018181818,0,0.981818182
-35,65,3,0.042553191,0,0,0.957446809
-35,65,4,0.084337349,0,0,0.915662651
-35,65,5,0,0,0,1
-35,70,1,0.02,0,0,0.98
-35,70,2,0.061728395,0.024691358,0,0.913580247
-35,70,3,0.050847458,0,0,0.949152542
-35,70,4,0.045977011,0.011494253,0,0.942528736
-35,70,5,0.016129032,0.032258065,0,0.951612903
-35,75,1,0.044444444,0,0,0.955555556
-35,75,2,0,0.012987013,0,0.987012987
-35,75,3,0.119047619,0,0,0.880952381
-35,75,4,0.075471698,0,0,0.924528302
-35,75,5,0.03125,0,0,0.96875
-35,80,1,0,0.064516129,0,0.935483871
-35,80,2,0.022988506,0,0,0.977011494
-35,80,3,0.053571429,0,0,0.946428571
-35,80,4,0.049295775,0,0,0.950704225
-35,80,5,0.052631579,0.035087719,0,0.912280702
-35,85,1,0.166666667,0,0,0.833333333
-35,85,2,0.064516129,0,0,0.935483871
-35,85,3,0.148148148,0,0,0.851851852
-35,85,4,0.092105263,0,0,0.907894737
-35,85,5,0.024390244,0,0,0.975609756
-35,90,1,0.083333333,0,0,0.916666667
-35,90,2,0.066666667,0,0,0.933333333
-35,90,3,0.142857143,0,0,0.857142857
-35,90,4,0.06875,0,0,0.93125
-35,90,5,0.083333333,0,0,0.916666667
-35,95,1,0,0,0,1
-35,95,2,0.071428571,0,0,0.928571429
-35,95,3,0.2125,0,0,0.7875
-35,95,4,0.092436975,0,0,0.907563025
-35,95,5,0,0,0,1
-35,100,1,0,0,0,1
-35,100,2,0.178571429,0,0,0.821428571
-35,100,3,0.285714286,0,0,0.714285714
-35,100,4,0.075,0,0,0.925
-35,100,5,0.333333333,0.333333333,0,0.333333333
-35,105,1,0.368421053,0,0,0.631578947
-35,105,2,0,0,0,1
-35,105,3,0.368421053,0,0,0.631578947
-35,105,4,0.153846154,0,0,0.846153846
-35,105,5,1,0,0,0
-35,110,1,0,0,0,1
-35,110,2,0,0,0,1
-35,110,3,0.2,0,0,0.8
-35,110,4,0.25,0,0,0.75
-35,110,5,0.25,0,0,0.75
-35,115,1,0.25,0,0,0.75
-35,115,2,0.25,0,0,0.75
-35,115,3,0.25,0,0,0.75
-35,115,4,0.25,0,0,0.75
-35,115,5,0.25,0,0,0.75
-35,120,1,0.25,0,0,0.75
-35,120,2,0.25,0,0,0.75
-35,120,3,0.25,0,0,0.75
-35,120,4,0.25,0,0,0.75
-35,120,5,0.25,0,0,0.75
-40,20,2,0,0,0,1
-40,30,1,0,0,0,1
-40,30,3,0,0,0,1
-40,30,5,1,0,0,0
-40,35,1,0,0,0,1
-40,35,2,0.25,0,0,0.75
-40,35,3,0,0,0,1
-40,35,4,0.285714286,0,0,0.714285714
-40,35,5,0.6,0,0,0.4
-40,40,2,0.166666667,0,0,0.833333333
-40,40,3,0,0,0,1
-40,40,4,0.375,0,0,0.625
-40,40,5,0.125,0,0,0.875
-40,45,1,0,0,0,1
-40,45,2,0.25,0,0,0.75
-40,45,3,0.111111111,0,0,0.888888889
-40,45,4,0.166666667,0,0,0.833333333
-40,45,5,0.333333333,0,0,0.666666667
-40,50,1,0,0,0,1
-40,50,2,0.25,0,0,0.75
-40,50,3,0,0,0,1
-40,50,4,0.133333333,0.066666667,0,0.8
-40,50,5,0,0,0,1
-40,55,1,0,0,0,1
-40,55,2,0,0,0,1
-40,55,3,0.095238095,0,0,0.904761905
-40,55,4,0.130434783,0,0,0.869565217
-40,55,5,0.071428571,0,0,0.928571429
-40,60,1,0,0,0,1
-40,60,2,0.032258065,0,0,0.967741935
-40,60,3,0.052631579,0,0,0.947368421
-40,60,4,0.114285714,0,0,0.885714286
-40,60,5,0.035714286,0,0,0.964285714
-40,65,1,0.027027027,0,0,0.972972973
-40,65,2,0,0.018181818,0,0.981818182
-40,65,3,0.042553191,0,0,0.957446809
-40,65,4,0.084337349,0,0,0.915662651
-40,65,5,0,0,0,1
-40,70,1,0.02,0,0,0.98
-40,70,2,0.061728395,0.024691358,0,0.913580247
-40,70,3,0.050847458,0,0,0.949152542
-40,70,4,0.045977011,0.011494253,0,0.942528736
-40,70,5,0.016129032,0.032258065,0,0.951612903
-40,75,1,0.044444444,0,0,0.955555556
-40,75,2,0,0.012987013,0,0.987012987
-40,75,3,0.119047619,0,0,0.880952381
-40,75,4,0.075471698,0,0,0.924528302
-40,75,5,0.03125,0,0,0.96875
-40,80,1,0,0.064516129,0,0.935483871
-40,80,2,0.022988506,0,0,0.977011494
-40,80,3,0.053571429,0,0,0.946428571
-40,80,4,0.049295775,0,0,0.950704225
-40,80,5,0.052631579,0.035087719,0,0.912280702
-40,85,1,0.166666667,0,0,0.833333333
-40,85,2,0.064516129,0,0,0.935483871
-40,85,3,0.148148148,0,0,0.851851852
-40,85,4,0.092105263,0,0,0.907894737
-40,85,5,0.024390244,0,0,0.975609756
-40,90,1,0.083333333,0,0,0.916666667
-40,90,2,0.066666667,0,0,0.933333333
-40,90,3,0.142857143,0,0,0.857142857
-40,90,4,0.06875,0,0,0.93125
-40,90,5,0.083333333,0,0,0.916666667
-40,95,1,0,0,0,1
-40,95,2,0.071428571,0,0,0.928571429
-40,95,3,0.2125,0,0,0.7875
-40,95,4,0.092436975,0,0,0.907563025
-40,95,5,0,0,0,1
-40,100,1,0,0,0,1
-40,100,2,0.178571429,0,0,0.821428571
-40,100,3,0.285714286,0,0,0.714285714
-40,100,4,0.075,0,0,0.925
-40,100,5,0.333333333,0.333333333,0,0.333333333
-40,105,1,0.368421053,0,0,0.631578947
-40,105,2,0,0,0,1
-40,105,3,0.368421053,0,0,0.631578947
-40,105,4,0.153846154,0,0,0.846153846
-40,105,5,1,0,0,0
-40,110,1,0,0,0,1
-40,110,2,0,0,0,1
-40,110,3,0.2,0,0,0.8
-40,110,4,0.25,0,0,0.75
-40,110,5,0.25,0,0,0.75
-40,115,1,0.25,0,0,0.75
-40,115,2,0.25,0,0,0.75
-40,115,3,0.25,0,0,0.75
-40,115,4,0.25,0,0,0.75
-40,115,5,0.25,0,0,0.75
-40,120,1,0.25,0,0,0.75
-40,120,2,0.25,0,0,0.75
-40,120,3,0.25,0,0,0.75
-40,120,4,0.25,0,0,0.75
-40,120,5,0.25,0,0,0.75
-45,20,2,0,0,0,1
-45,30,1,0,0,0,1
-45,30,3,0,0,0,1
-45,30,5,0.1,0,0,0.9
-45,35,1,0,0,0,1
-45,35,2,0.25,0,0,0.75
-45,35,3,0,0,0,1
-45,35,4,0.285714286,0,0,0.714285714
-45,35,5,0.6,0,0,0.4
-45,40,2,0.166666667,0,0,0.833333333
-45,40,3,0,0,0,1
-45,40,4,0.375,0,0,0.625
-45,40,5,0.125,0,0,0.875
-45,45,1,0,0,0,1
-45,45,2,0.25,0,0,0.75
-45,45,3,0.111111111,0,0,0.888888889
-45,45,4,0.166666667,0,0,0.833333333
-45,45,5,0.333333333,0,0,0.666666667
-45,50,1,0,0,0,1
-45,50,2,0.25,0,0,0.75
-45,50,3,0,0,0,1
-45,50,4,0.133333333,0.066666667,0,0.8
-45,50,5,0,0,0,1
-45,55,1,0,0,0,1
-45,55,2,0,0,0,1
-45,55,3,0.095238095,0,0,0.904761905
-45,55,4,0.130434783,0,0,0.869565217
-45,55,5,0.071428571,0,0,0.928571429
-45,60,1,0,0,0,1
-45,60,2,0.032258065,0,0,0.967741935
-45,60,3,0.052631579,0,0,0.947368421
-45,60,4,0.114285714,0,0,0.885714286
-45,60,5,0.035714286,0,0,0.964285714
-45,65,1,0.027027027,0,0,0.972972973
-45,65,2,0,0.018181818,0,0.981818182
-45,65,3,0.042553191,0,0,0.957446809
-45,65,4,0.084337349,0,0,0.915662651
-45,65,5,0,0,0,1
-45,70,1,0.02,0,0,0.98
-45,70,2,0.061728395,0.024691358,0,0.913580247
-45,70,3,0.050847458,0,0,0.949152542
-45,70,4,0.045977011,0.011494253,0,0.942528736
-45,70,5,0.016129032,0.032258065,0,0.951612903
-45,75,1,0.044444444,0,0,0.955555556
-45,75,2,0,0.012987013,0,0.987012987
-45,75,3,0.119047619,0,0,0.880952381
-45,75,4,0.075471698,0,0,0.924528302
-45,75,5,0.03125,0,0,0.96875
-45,80,1,0,0.064516129,0,0.935483871
-45,80,2,0.022988506,0,0,0.977011494
-45,80,3,0.053571429,0,0,0.946428571
-45,80,4,0.049295775,0,0,0.950704225
-45,80,5,0.052631579,0.035087719,0,0.912280702
-45,85,1,0.166666667,0,0,0.833333333
-45,85,2,0.064516129,0,0,0.935483871
-45,85,3,0.148148148,0,0,0.851851852
-45,85,4,0.092105263,0,0,0.907894737
-45,85,5,0.024390244,0,0,0.975609756
-45,90,1,0.083333333,0,0,0.916666667
-45,90,2,0.066666667,0,0,0.933333333
-45,90,3,0.142857143,0,0,0.857142857
-45,90,4,0.06875,0,0,0.93125
-45,90,5,0.083333333,0,0,0.916666667
-45,95,1,0,0,0,1
-45,95,2,0.071428571,0,0,0.928571429
-45,95,3,0.2125,0,0,0.7875
-45,95,4,0.092436975,0,0,0.907563025
-45,95,5,0,0,0,1
-45,100,1,0,0,0,1
-45,100,2,0.178571429,0,0,0.821428571
-45,100,3,0.285714286,0,0,0.714285714
-45,100,4,0.075,0,0,0.925
-45,100,5,0.333333333,0.333333333,0,0.333333333
-45,105,1,0.368421053,0,0,0.631578947
-45,105,2,0,0,0,1
-45,105,3,0.368421053,0,0,0.631578947
-45,105,4,0.153846154,0,0,0.846153846
-45,105,5,0.1,0,0,0.9
-45,110,1,0,0,0,1
-45,110,2,0,0,0,1
-45,110,3,0.2,0,0,0.8
-45,110,4,0.25,0,0,0.75
-45,110,5,0.25,0,0,0.75
-45,115,1,0.25,0,0,0.75
-45,115,2,0.25,0,0,0.75
-45,115,3,0.25,0,0,0.75
-45,115,4,0.25,0,0,0.75
-45,115,5,0.25,0,0,0.75
-45,120,1,0.25,0,0,0.75
-45,120,2,0.25,0,0,0.75
-45,120,3,0.25,0,0,0.75
-45,120,4,0.25,0,0,0.75
-45,120,5,0.25,0,0,0.75
-50,20,2,0,0,0,1
-50,30,1,0,0,0,1
-50,30,3,0,0,0,1
-50,30,5,0.1,0,0,0.9
-50,35,1,0,0,0,1
-50,35,2,0.25,0,0,0.75
-50,35,3,0,0,0,1
-50,35,4,0.285714286,0,0,0.714285714
-50,35,5,0.6,0,0,0.4
-50,40,2,0.166666667,0,0,0.833333333
-50,40,3,0,0,0,1
-50,40,4,0.375,0,0,0.625
-50,40,5,0.125,0,0,0.875
-50,45,1,0,0,0,1
-50,45,2,0.25,0,0,0.75
-50,45,3,0.111111111,0,0,0.888888889
-50,45,4,0.166666667,0,0,0.833333333
-50,45,5,0.333333333,0,0,0.666666667
-50,50,1,0,0,0,1
-50,50,2,0.25,0,0,0.75
-50,50,3,0,0,0,1
-50,50,4,0.133333333,0.066666667,0,0.8
-50,50,5,0,0,0,1
-50,55,1,0,0,0,1
-50,55,2,0,0,0,1
-50,55,3,0.095238095,0,0,0.904761905
-50,55,4,0.130434783,0,0,0.869565217
-50,55,5,0.071428571,0,0,0.928571429
-50,60,1,0,0,0,1
-50,60,2,0.032258065,0,0,0.967741935
-50,60,3,0.052631579,0,0,0.947368421
-50,60,4,0.114285714,0,0,0.885714286
-50,60,5,0.035714286,0,0,0.964285714
-50,65,1,0.027027027,0,0,0.972972973
-50,65,2,0,0.018181818,0,0.981818182
-50,65,3,0.042553191,0,0,0.957446809
-50,65,4,0.084337349,0,0,0.915662651
-50,65,5,0,0,0,1
-50,70,1,0.02,0,0,0.98
-50,70,2,0.061728395,0.024691358,0,0.913580247
-50,70,3,0.050847458,0,0,0.949152542
-50,70,4,0.045977011,0.011494253,0,0.942528736
-50,70,5,0.016129032,0.032258065,0,0.951612903
-50,75,1,0.044444444,0,0,0.955555556
-50,75,2,0,0.012987013,0,0.987012987
-50,75,3,0.119047619,0,0,0.880952381
-50,75,4,0.075471698,0,0,0.924528302
-50,75,5,0.03125,0,0,0.96875
-50,80,1,0,0.064516129,0,0.935483871
-50,80,2,0.022988506,0,0,0.977011494
-50,80,3,0.053571429,0,0,0.946428571
-50,80,4,0.049295775,0,0,0.950704225
-50,80,5,0.052631579,0.035087719,0,0.912280702
-50,85,1,0.166666667,0,0,0.833333333
-50,85,2,0.064516129,0,0,0.935483871
-50,85,3,0.148148148,0,0,0.851851852
-50,85,4,0.092105263,0,0,0.907894737
-50,85,5,0.024390244,0,0,0.975609756
-50,90,1,0.083333333,0,0,0.916666667
-50,90,2,0.066666667,0,0,0.933333333
-50,90,3,0.142857143,0,0,0.857142857
-50,90,4,0.06875,0,0,0.93125
-50,90,5,0.083333333,0,0,0.916666667
-50,95,1,0,0,0,1
-50,95,2,0.071428571,0,0,0.928571429
-50,95,3,0.2125,0,0,0.7875
-50,95,4,0.092436975,0,0,0.907563025
-50,95,5,0,0,0,1
-50,100,1,0,0,0,1
-50,100,2,0.178571429,0,0,0.821428571
-50,100,3,0.285714286,0,0,0.714285714
-50,100,4,0.075,0,0,0.925
-50,100,5,0.333333333,0.333333333,0,0.333333333
-50,105,1,0.368421053,0,0,0.631578947
-50,105,2,0,0,0,1
-50,105,3,0.368421053,0,0,0.631578947
-50,105,4,0.153846154,0,0,0.846153846
-50,105,5,0.1,0,0,0.9
-50,110,1,0,0,0,1
-50,110,2,0,0,0,1
-50,110,3,0.1,0,0,0.9
-50,110,4,0.1,0,0,0.9
-50,110,5,0.1,0,0,0.9
-50,115,1,0.1,0,0,0.9
-50,115,2,0.1,0,0,0.9
-50,115,3,0.1,0,0,0.9
-50,115,4,0.1,0,0,0.9
-50,115,5,0.1,0,0,0.9
-50,120,1,0.1,0,0,0.9
-50,120,2,0.1,0,0,0.9
-50,120,3,0.1,0,0,0.9
-50,120,4,0.1,0,0,0.9
-50,120,5,0.1,0,0,0.9
-55,20,2,0,0,0,1
-55,30,1,0,0,0,1
-55,30,3,0,0,0,1
-55,30,5,0.1,0,0,0.9
-55,35,1,0,0,0,1
-55,35,2,0.25,0,0,0.75
-55,35,3,0,0,0,1
-55,35,4,0.285714286,0,0,0.714285714
-55,35,5,0.6,0,0,0.4
-55,40,2,0.166666667,0,0,0.833333333
-55,40,3,0,0,0,1
-55,40,4,0.375,0,0,0.625
-55,40,5,0.125,0,0,0.875
-55,45,1,0,0,0,1
-55,45,2,0.25,0,0,0.75
-55,45,3,0.111111111,0,0,0.888888889
-55,45,4,0.166666667,0,0,0.833333333
-55,45,5,0.333333333,0,0,0.666666667
-55,50,1,0,0,0,1
-55,50,2,0.25,0,0,0.75
-55,50,3,0,0,0,1
-55,50,4,0.133333333,0.066666667,0,0.8
-55,50,5,0,0,0,1
-55,55,1,0,0,0,1
-55,55,2,0,0,0,1
-55,55,3,0.095238095,0,0,0.904761905
-55,55,4,0.130434783,0,0,0.869565217
-55,55,5,0.071428571,0,0,0.928571429
-55,60,1,0,0,0,1
-55,60,2,0.032258065,0,0,0.967741935
-55,60,3,0.052631579,0,0,0.947368421
-55,60,4,0.114285714,0,0,0.885714286
-55,60,5,0.035714286,0,0,0.964285714
-55,65,1,0.027027027,0,0,0.972972973
-55,65,2,0,0.018181818,0,0.981818182
-55,65,3,0.042553191,0,0,0.957446809
-55,65,4,0.084337349,0,0,0.915662651
-55,65,5,0,0,0,1
-55,70,1,0.02,0,0,0.98
-55,70,2,0.061728395,0.024691358,0,0.913580247
-55,70,3,0.050847458,0,0,0.949152542
-55,70,4,0.045977011,0.011494253,0,0.942528736
-55,70,5,0.016129032,0.032258065,0,0.951612903
-55,75,1,0.044444444,0,0,0.955555556
-55,75,2,0,0.012987013,0,0.987012987
-55,75,3,0.119047619,0,0,0.880952381
-55,75,4,0.075471698,0,0,0.924528302
-55,75,5,0.03125,0,0,0.96875
-55,80,1,0,0.064516129,0,0.935483871
-55,80,2,0.022988506,0,0,0.977011494
-55,80,3,0.053571429,0,0,0.946428571
-55,80,4,0.049295775,0,0,0.950704225
-55,80,5,0.052631579,0.035087719,0,0.912280702
-55,85,1,0.166666667,0,0,0.833333333
-55,85,2,0.064516129,0,0,0.935483871
-55,85,3,0.148148148,0,0,0.851851852
-55,85,4,0.092105263,0,0,0.907894737
-55,85,5,0.024390244,0,0,0.975609756
-55,90,1,0.083333333,0,0,0.916666667
-55,90,2,0.066666667,0,0,0.933333333
-55,90,3,0.142857143,0,0,0.857142857
-55,90,4,0.06875,0,0,0.93125
-55,90,5,0.083333333,0,0,0.916666667
-55,95,1,0,0,0,1
-55,95,2,0.071428571,0,0,0.928571429
-55,95,3,0.2125,0,0,0.7875
-55,95,4,0.092436975,0,0,0.907563025
-55,95,5,0,0,0,1
-55,100,1,0,0,0,1
-55,100,2,0.178571429,0,0,0.821428571
-55,100,3,0.285714286,0,0,0.714285714
-55,100,4,0.075,0,0,0.925
-55,100,5,0.333333333,0.333333333,0,0.333333333
-55,105,1,0.368421053,0,0,0.631578947
-55,105,2,0,0,0,1
-55,105,3,0.368421053,0,0,0.631578947
-55,105,4,0.153846154,0,0,0.846153846
-55,105,5,0.1,0,0,0.9
-55,110,1,0,0,0,1
-55,110,2,0,0,0,1
-55,110,3,0.1,0,0,0.9
-55,110,4,0.1,0,0,0.9
-55,110,5,0.1,0,0,0.9
-55,115,1,0.1,0,0,0.9
-55,115,2,0.1,0,0,0.9
-55,115,3,0.1,0,0,0.9
-55,115,4,0.1,0,0,0.9
-55,115,5,0.1,0,0,0.9
-55,120,1,0.1,0,0,0.9
-55,120,2,0.1,0,0,0.9
-55,120,3,0.1,0,0,0.9
-55,120,4,0.1,0,0,0.9
-55,120,5,0.1,0,0,0.9
-60,20,2,0,0,0,1
-60,30,1,0,0,0,1
-60,30,3,0,0,0,1
-60,30,5,0.1,0,0,0.9
-60,35,1,0,0,0,1
-60,35,2,0.25,0,0,0.75
-60,35,3,0,0,0,1
-60,35,4,0.285714286,0,0,0.714285714
-60,35,5,0.6,0,0,0.4
-60,40,2,0.166666667,0,0,0.833333333
-60,40,3,0,0,0,1
-60,40,4,0.375,0,0,0.625
-60,40,5,0.125,0,0,0.875
-60,45,1,0,0,0,1
-60,45,2,0.25,0,0,0.75
-60,45,3,0.111111111,0,0,0.888888889
-60,45,4,0.166666667,0,0,0.833333333
-60,45,5,0.333333333,0,0,0.666666667
-60,50,1,0,0,0,1
-60,50,2,0.25,0,0,0.75
-60,50,3,0,0,0,1
-60,50,4,0.133333333,0.066666667,0,0.8
-60,50,5,0,0,0,1
-60,55,1,0,0,0,1
-60,55,2,0,0,0,1
-60,55,3,0.095238095,0,0,0.904761905
-60,55,4,0.130434783,0,0,0.869565217
-60,55,5,0.071428571,0,0,0.928571429
-60,60,1,0,0,0,1
-60,60,2,0.032258065,0,0,0.967741935
-60,60,3,0.052631579,0,0,0.947368421
-60,60,4,0.114285714,0,0,0.885714286
-60,60,5,0.035714286,0,0,0.964285714
-60,65,1,0.027027027,0,0,0.972972973
-60,65,2,0,0.018181818,0,0.981818182
-60,65,3,0.042553191,0,0,0.957446809
-60,65,4,0.084337349,0,0,0.915662651
-60,65,5,0,0,0,1
-60,70,1,0.02,0,0,0.98
-60,70,2,0.061728395,0.024691358,0,0.913580247
-60,70,3,0.050847458,0,0,0.949152542
-60,70,4,0.045977011,0.011494253,0,0.942528736
-60,70,5,0.016129032,0.032258065,0,0.951612903
-60,75,1,0.044444444,0,0,0.955555556
-60,75,2,0,0.012987013,0,0.987012987
-60,75,3,0.119047619,0,0,0.880952381
-60,75,4,0.075471698,0,0,0.924528302
-60,75,5,0.03125,0,0,0.96875
-60,80,1,0,0.064516129,0,0.935483871
-60,80,2,0.022988506,0,0,0.977011494
-60,80,3,0.053571429,0,0,0.946428571
-60,80,4,0.049295775,0,0,0.950704225
-60,80,5,0.052631579,0.035087719,0,0.912280702
-60,85,1,0.166666667,0,0,0.833333333
-60,85,2,0.064516129,0,0,0.935483871
-60,85,3,0.148148148,0,0,0.851851852
-60,85,4,0.092105263,0,0,0.907894737
-60,85,5,0.024390244,0,0,0.975609756
-60,90,1,0.083333333,0,0,0.916666667
-60,90,2,0.066666667,0,0,0.933333333
-60,90,3,0.142857143,0,0,0.857142857
-60,90,4,0.06875,0,0,0.93125
-60,90,5,0.083333333,0,0,0.916666667
-60,95,1,0,0,0,1
-60,95,2,0.071428571,0,0,0.928571429
-60,95,3,0.2125,0,0,0.7875
-60,95,4,0.092436975,0,0,0.907563025
-60,95,5,0,0,0,1
-60,100,1,0,0,0,1
-60,100,2,0.178571429,0,0,0.821428571
-60,100,3,0.1,0,0,0.9
-60,100,4,0.075,0,0,0.925
-60,100,5,0.1,0,0,0.9
-60,105,1,0.1,0,0,0.9
-60,105,2,0,0,0,1
-60,105,3,0.1,0,0,0.9
-60,105,4,0.153846154,0,0,0.846153846
-60,105,5,1,0,0,0
-60,110,1,0,0,0,1
-60,110,2,0,0,0,1
-60,110,3,0.1,0,0,0.9
-60,110,4,0.1,0,0,0.9
-60,110,5,0.1,0,0,0.9
-60,115,1,0.1,0,0,0.9
-60,115,2,0.1,0,0,0.9
-60,115,3,0.1,0,0,0.9
-60,115,4,0.1,0,0,0.9
-60,115,5,0.1,0,0,0.9
-60,120,1,0.1,0,0,0.9
-60,120,2,0.1,0,0,0.9
-60,120,3,0.1,0,0,0.9
-60,120,4,0.1,0,0,0.9
-60,120,5,0.1,0,0,0.9
-65,20,2,0,0,0,1
-65,30,1,0,0,0,1
-65,30,3,0,0,0,1
-65,30,5,0.1,0,0,0.9
-65,35,1,0,0,0,1
-65,35,2,0.25,0,0,0.75
-65,35,3,0,0,0,1
-65,35,4,0.285714286,0,0,0.714285714
-65,35,5,0.6,0,0,0.4
-65,40,2,0.166666667,0,0,0.833333333
-65,40,3,0,0,0,1
-65,40,4,0.375,0,0,0.625
-65,40,5,0.125,0,0,0.875
-65,45,1,0,0,0,1
-65,45,2,0.25,0,0,0.75
-65,45,3,0.111111111,0,0,0.888888889
-65,45,4,0.166666667,0,0,0.833333333
-65,45,5,0.1,0,0,0.9
-65,50,1,0,0,0,1
-65,50,2,0.25,0,0,0.75
-65,50,3,0,0,0,1
-65,50,4,0.133333333,0.066666667,0,0.8
-65,50,5,0,0,0,1
-65,55,1,0,0,0,1
-65,55,2,0,0,0,1
-65,55,3,0.095238095,0,0,0.904761905
-65,55,4,0.130434783,0,0,0.869565217
-65,55,5,0.071428571,0,0,0.928571429
-65,60,1,0,0,0,1
-65,60,2,0.032258065,0,0,0.967741935
-65,60,3,0.052631579,0,0,0.947368421
-65,60,4,0.114285714,0,0,0.885714286
-65,60,5,0.035714286,0,0,0.964285714
-65,65,1,0.027027027,0,0,0.972972973
-65,65,2,0,0.018181818,0,0.981818182
-65,65,3,0.042553191,0,0,0.957446809
-65,65,4,0.084337349,0,0,0.915662651
-65,65,5,0,0,0,1
-65,70,1,0.02,0,0,0.98
-65,70,2,0.061728395,0.024691358,0,0.913580247
-65,70,3,0.050847458,0,0,0.949152542
-65,70,4,0.045977011,0.011494253,0,0.942528736
-65,70,5,0.016129032,0.032258065,0,0.951612903
-65,75,1,0.044444444,0,0,0.955555556
-65,75,2,0,0.012987013,0,0.987012987
-65,75,3,0.119047619,0,0,0.880952381
-65,75,4,0.075471698,0,0,0.924528302
-65,75,5,0.03125,0,0,0.96875
-65,80,1,0,0.064516129,0,0.935483871
-65,80,2,0.022988506,0,0,0.977011494
-65,80,3,0.053571429,0,0,0.946428571
-65,80,4,0.049295775,0,0,0.950704225
-65,80,5,0.052631579,0.035087719,0,0.912280702
-65,85,1,0.166666667,0,0,0.833333333
-65,85,2,0.064516129,0,0,0.935483871
-65,85,3,0.148148148,0,0,0.851851852
-65,85,4,0.092105263,0,0,0.907894737
-65,85,5,0.024390244,0,0,0.975609756
-65,90,1,0.083333333,0,0,0.916666667
-65,90,2,0.066666667,0,0,0.933333333
-65,90,3,0.142857143,0,0,0.857142857
-65,90,4,0.06875,0,0,0.93125
-65,90,5,0.083333333,0,0,0.916666667
-65,95,1,0,0,0,1
-65,95,2,0.071428571,0,0,0.928571429
-65,95,3,0.2125,0,0,0.7875
-65,95,4,0.092436975,0,0,0.907563025
-65,95,5,0,0,0,1
-65,100,1,0,0,0,1
-65,100,2,0.178571429,0,0,0.821428571
-65,100,3,0.1,0,0,0.9
-65,100,4,0.075,0,0,0.925
-65,100,5,0.1,0,0,0.9
-65,105,1,0.1,0,0,0.9
-65,105,2,0,0,0,1
-65,105,3,0.1,0,0,0.9
-65,105,4,0.153846154,0,0,0.846153846
-65,105,5,0.1,0,0,0.9
-65,110,1,0,0,0,1
-65,110,2,0,0,0,1
-65,110,3,0.1,0,0,0.9
-65,110,4,0.1,0,0,0.9
-65,110,5,0.1,0,0,0.9
-65,115,1,0.1,0,0,0.9
-65,115,2,0.1,0,0,0.9
-65,115,3,0.1,0,0,0.9
-65,115,4,0.1,0,0,0.9
-65,115,5,0.1,0,0,0.9
-65,120,1,0.1,0,0,0.9
-65,120,2,0.1,0,0,0.9
-65,120,3,0.1,0,0,0.9
-65,120,4,0.1,0,0,0.9
-65,120,5,0.1,0,0,0.9
